-- phpMyAdmin SQL Dump
-- version 5.2.1
-- https://www.phpmyadmin.net/
--
-- Servidor: 127.0.0.1
-- Tiempo de generación: 04-09-2025 a las 18:30:53
-- Versión del servidor: 10.4.32-MariaDB
-- Versión de PHP: 8.0.30

SET SQL_MODE = "NO_AUTO_VALUE_ON_ZERO";
START TRANSACTION;
SET time_zone = "+00:00";


/*!40101 SET @OLD_CHARACTER_SET_CLIENT=@@CHARACTER_SET_CLIENT */;
/*!40101 SET @OLD_CHARACTER_SET_RESULTS=@@CHARACTER_SET_RESULTS */;
/*!40101 SET @OLD_COLLATION_CONNECTION=@@COLLATION_CONNECTION */;
/*!40101 SET NAMES utf8mb4 */;

--
-- Base de datos: `bodeguiaelpepe`
--

-- --------------------------------------------------------

--
-- Estructura de tabla para la tabla `cliente`
--

CREATE TABLE `cliente` (
  `IDCliente` int(11) NOT NULL,
  `Nombre` varchar(100) NOT NULL,
  `Direccion` varchar(150) DEFAULT NULL,
  `Telefono` varchar(20) DEFAULT NULL
) ENGINE=InnoDB DEFAULT CHARSET=utf8mb4 COLLATE=utf8mb4_general_ci;

--
-- Volcado de datos para la tabla `cliente`
--

INSERT INTO `cliente` (`IDCliente`, `Nombre`, `Direccion`, `Telefono`) VALUES
(1, 'Carlos Pérez', 'Av. Los Olivos 123, Lima', '987654321'),
(2, 'María López', 'Jr. Las Flores 456, Arequipa', '976543210'),
(3, 'José Ramírez', 'Calle Principal 789, Cusco', '965432109'),
(4, 'Ana Torres', 'Av. El Sol 321, Piura', '954321098'),
(5, 'Luis Fernández', 'Jr. Grau 654, Chiclayo', '943210987'),
(6, 'Carmen Castillo', 'Calle Lima 111, Trujillo', '932109876'),
(7, 'Pedro Sánchez', 'Av. Perú 222, Puno', '921098765'),
(8, 'Laura Vargas', 'Jr. Arequipa 333, Tacna', '910987654'),
(9, 'Ricardo Mendoza', 'Calle San Martín 444, Huancayo', '999888777'),
(10, 'Lucía Rojas', 'Av. Bolívar 555, Ica', '988777666'),
(11, 'Diego Salazar', 'Calle Amazonas 666, Tumbes', '977666555'),
(12, 'Paola Aguilar', 'Jr. Progreso 777, Cajamarca', '966555444'),
(13, 'Andrés Chávez', 'Av. Libertad 888, Lima', '955444333'),
(14, 'Gabriela Muñoz', 'Calle Bolognesi 999, Cusco', '944333222'),
(15, 'Hugo Morales', 'Av. La Marina 123, Piura', '933222111'),
(16, 'Diana Herrera', 'Jr. Tarapacá 234, Chiclayo', '922111000'),
(17, 'Francisco Díaz', 'Calle Junín 345, Huancayo', '911000999'),
(18, 'Rosa Paredes', 'Av. América 456, Trujillo', '900999888'),
(19, 'Javier Castro', 'Jr. Unión 567, Lima', '989888777'),
(20, 'Elena Navarro', 'Calle Ayacucho 678, Arequipa', '978777666'),
(21, 'Miguel Ortega', 'Av. Grau 789, Piura', '967666555'),
(22, 'Patricia Ramos', 'Calle Real 890, Cusco', '956555444'),
(23, 'Alberto Silva', 'Jr. Manco Cápac 135, Lima', '945444333'),
(24, 'Teresa Campos', 'Av. Tacna 246, Huancayo', '934333222'),
(25, 'Rodrigo Vega', 'Calle Libertad 357, Chiclayo', '923222111'),
(26, 'Natalia Cornejo', 'Jr. Amazonas 468, Iquitos', '912111000'),
(27, 'Oscar Flores', 'Av. San Juan 579, Lima', '901000999'),
(28, 'Sandra Cárdenas', 'Calle Arequipa 680, Tacna', '990999888'),
(29, 'Felipe Gutiérrez', 'Av. La Paz 791, Cusco', '979888777'),
(30, 'Vanessa Quispe', 'Jr. Junín 802, Puno', '968777666'),
(31, 'Esteban León', 'Calle Bolívar 913, Ica', '957666555'),
(32, 'Lorena Valdez', 'Av. Principal 102, Tumbes', '946555444'),
(33, 'Gustavo Ponce', 'Jr. Grau 203, Huancayo', '935444333'),
(34, 'Carolina Peña', 'Calle Lima 304, Arequipa', '924333222'),
(35, 'Mauricio Reyes', 'Av. Los Incas 405, Cusco', '913222111'),
(36, 'Isabel Soto', 'Jr. Amazonas 506, Chiclayo', '902111000'),
(37, 'Fernando Arias', 'Calle San Juan 607, Piura', '991000999'),
(38, 'Claudia Delgado', 'Av. Bolognesi 708, Trujillo', '980999888'),
(39, 'Raúl Cabrera', 'Calle Central 809, Lima', '969888777'),
(40, 'Mónica Medina', 'Av. Progreso 910, Tacna', '958777666'),
(41, 'Ángel Hurtado', 'Calle Real 111, Huancayo', '947666555'),
(42, 'Beatriz Ramos', 'Av. Libertad 212, Ica', '936555444'),
(43, 'Cristian Vargas', 'Jr. Unión 313, Cusco', '925444333'),
(44, 'Silvia Lozano', 'Av. Grau 414, Chiclayo', '914333222'),
(45, 'Héctor Torres', 'Calle Junín 515, Piura', '903222111'),
(46, 'Verónica Fuentes', 'Av. América 616, Arequipa', '992111000'),
(47, 'Pablo Carrasco', 'Calle San Martín 717, Lima', '981000999'),
(48, 'Adriana Campos', 'Jr. Ayacucho 818, Cusco', '970999888'),
(49, 'Manuel Ruiz', 'Av. Perú 919, Puno', '959888777'),
(50, 'Alejandra Salas', 'Calle Amazonas 120, Iquitos', '948777666'),
(51, 'Ignacio Bravo', 'Av. Grau 221, Chiclayo', '937666555'),
(52, 'Daniela Herrera', 'Calle Bolognesi 322, Piura', '926555444'),
(53, 'Camilo Peña', 'Av. El Sol 423, Lima', '915444333'),
(54, 'Ruth Morales', 'Calle Junín 524, Trujillo', '904333222'),
(55, 'Sebastián Rojas', 'Jr. Grau 625, Arequipa', '993222111'),
(56, 'Liliana Gamarra', 'Av. San Juan 726, Huancayo', '982111000'),
(57, 'Martín Pacheco', 'Calle Libertad 827, Cusco', '971000999'),
(58, 'Flor Vargas', 'Av. Tarapacá 928, Tacna', '960999888'),
(59, 'Julio Chávez', 'Calle Real 129, Ica', '949888777'),
(60, 'Camila Mendoza', 'Av. Bolívar 230, Lima', '938777666'),
(61, 'Antonio Quispe', 'Calle Progreso 331, Arequipa', '927666555'),
(62, 'Yesenia Palma', 'Av. Junín 432, Cusco', '916555444'),
(63, 'Marcos Hidalgo', 'Jr. Unión 533, Chiclayo', '905444333'),
(64, 'Sofía Aguilar', 'Calle Amazonas 634, Piura', '994333222'),
(65, 'Víctor Salazar', 'Av. Tacna 735, Huancayo', '983222111'),
(66, 'Marta Poma', 'Calle Bolognesi 836, Trujillo', '972111000'),
(67, 'Enrique Tapia', 'Av. La Marina 937, Lima', '961000999'),
(68, 'Paula Lozano', 'Jr. Progreso 138, Cusco', '950999888'),
(69, 'Cristóbal Ramos', 'Av. Grau 239, Arequipa', '939888777'),
(70, 'Andrea Silva', 'Calle San Juan 340, Ica', '928777666'),
(71, 'Alonso Castañeda', 'Av. Perú 441, Lima', '917666555'),
(72, 'Maribel Alarcón', 'Calle Central 542, Tacna', '906555444'),
(73, 'Nicolás Villanueva', 'Av. Real 643, Piura', '995444333'),
(74, 'Katherine Soto', 'Calle Ayacucho 744, Trujillo', '984333222'),
(75, 'Raúl Fernández', 'Av. Bolognesi 845, Arequipa', '973222111'),
(76, 'Tatiana Guzmán', 'Calle Principal 946, Cusco', '962111000'),
(77, 'Óscar Lozano', 'Av. El Sol 147, Chiclayo', '951000999'),
(78, 'Valeria Cruz', 'Calle Junín 248, Lima', '940999888'),
(79, 'Carlos Pérez', 'Av. Los Olivos 123, Lima', '987654321'),
(80, 'María López', 'Jr. Las Flores 456, Arequipa', '976543210'),
(81, 'José Ramírez', 'Calle Principal 789, Cusco', '965432109'),
(82, 'Ana Torres', 'Av. El Sol 321, Piura', '954321098'),
(83, 'Luis Fernández', 'Jr. Grau 654, Chiclayo', '943210987'),
(84, 'Carmen Castillo', 'Calle Lima 111, Trujillo', '932109876'),
(85, 'Pedro Sánchez', 'Av. Perú 222, Puno', '921098765'),
(86, 'Laura Vargas', 'Jr. Arequipa 333, Tacna', '910987654'),
(87, 'Ricardo Mendoza', 'Calle San Martín 444, Huancayo', '999888777'),
(88, 'Lucía Rojas', 'Av. Bolívar 555, Ica', '988777666'),
(89, 'Diego Salazar', 'Calle Amazonas 666, Tumbes', '977666555'),
(90, 'Paola Aguilar', 'Jr. Progreso 777, Cajamarca', '966555444'),
(91, 'Andrés Chávez', 'Av. Libertad 888, Lima', '955444333'),
(92, 'Gabriela Muñoz', 'Calle Bolognesi 999, Cusco', '944333222'),
(93, 'Hugo Morales', 'Av. La Marina 123, Piura', '933222111'),
(94, 'Diana Herrera', 'Jr. Tarapacá 234, Chiclayo', '922111000'),
(95, 'Francisco Díaz', 'Calle Junín 345, Huancayo', '911000999'),
(96, 'Rosa Paredes', 'Av. América 456, Trujillo', '900999888'),
(97, 'Javier Castro', 'Jr. Unión 567, Lima', '989888777'),
(98, 'Elena Navarro', 'Calle Ayacucho 678, Arequipa', '978777666'),
(99, 'Miguel Ortega', 'Av. Grau 789, Piura', '967666555'),
(100, 'Patricia Ramos', 'Calle Real 890, Cusco', '956555444'),
(101, 'Alberto Silva', 'Jr. Manco Cápac 135, Lima', '945444333'),
(102, 'Teresa Campos', 'Av. Tacna 246, Huancayo', '934333222'),
(103, 'Rodrigo Vega', 'Calle Libertad 357, Chiclayo', '923222111'),
(104, 'Natalia Cornejo', 'Jr. Amazonas 468, Iquitos', '912111000'),
(105, 'Oscar Flores', 'Av. San Juan 579, Lima', '901000999'),
(106, 'Sandra Cárdenas', 'Calle Arequipa 680, Tacna', '990999888'),
(107, 'Felipe Gutiérrez', 'Av. La Paz 791, Cusco', '979888777'),
(108, 'Vanessa Quispe', 'Jr. Junín 802, Puno', '968777666'),
(109, 'Esteban León', 'Calle Bolívar 913, Ica', '957666555'),
(110, 'Lorena Valdez', 'Av. Principal 102, Tumbes', '946555444'),
(111, 'Gustavo Ponce', 'Jr. Grau 203, Huancayo', '935444333'),
(112, 'Carolina Peña', 'Calle Lima 304, Arequipa', '924333222'),
(113, 'Mauricio Reyes', 'Av. Los Incas 405, Cusco', '913222111'),
(114, 'Isabel Soto', 'Jr. Amazonas 506, Chiclayo', '902111000'),
(115, 'Fernando Arias', 'Calle San Juan 607, Piura', '991000999'),
(116, 'Claudia Delgado', 'Av. Bolognesi 708, Trujillo', '980999888'),
(117, 'Raúl Cabrera', 'Calle Central 809, Lima', '969888777'),
(118, 'Mónica Medina', 'Av. Progreso 910, Tacna', '958777666'),
(119, 'Ángel Hurtado', 'Calle Real 111, Huancayo', '947666555'),
(120, 'Beatriz Ramos', 'Av. Libertad 212, Ica', '936555444'),
(121, 'Cristian Vargas', 'Jr. Unión 313, Cusco', '925444333'),
(122, 'Silvia Lozano', 'Av. Grau 414, Chiclayo', '914333222'),
(123, 'Héctor Torres', 'Calle Junín 515, Piura', '903222111'),
(124, 'Verónica Fuentes', 'Av. América 616, Arequipa', '992111000'),
(125, 'Pablo Carrasco', 'Calle San Martín 717, Lima', '981000999'),
(126, 'Adriana Campos', 'Jr. Ayacucho 818, Cusco', '970999888'),
(127, 'Manuel Ruiz', 'Av. Perú 919, Puno', '959888777'),
(128, 'Alejandra Salas', 'Calle Amazonas 120, Iquitos', '948777666'),
(129, 'Ignacio Bravo', 'Av. Grau 221, Chiclayo', '937666555'),
(130, 'Daniela Herrera', 'Calle Bolognesi 322, Piura', '926555444'),
(131, 'Camilo Peña', 'Av. El Sol 423, Lima', '915444333'),
(132, 'Ruth Morales', 'Calle Junín 524, Trujillo', '904333222'),
(133, 'Sebastián Rojas', 'Jr. Grau 625, Arequipa', '993222111'),
(134, 'Liliana Gamarra', 'Av. San Juan 726, Huancayo', '982111000'),
(135, 'Martín Pacheco', 'Calle Libertad 827, Cusco', '971000999'),
(136, 'Flor Vargas', 'Av. Tarapacá 928, Tacna', '960999888'),
(137, 'Julio Chávez', 'Calle Real 129, Ica', '949888777'),
(138, 'Camila Mendoza', 'Av. Bolívar 230, Lima', '938777666'),
(139, 'Antonio Quispe', 'Calle Progreso 331, Arequipa', '927666555'),
(140, 'Yesenia Palma', 'Av. Junín 432, Cusco', '916555444'),
(141, 'Marcos Hidalgo', 'Jr. Unión 533, Chiclayo', '905444333'),
(142, 'Sofía Aguilar', 'Calle Amazonas 634, Piura', '994333222'),
(143, 'Víctor Salazar', 'Av. Tacna 735, Huancayo', '983222111'),
(144, 'Marta Poma', 'Calle Bolognesi 836, Trujillo', '972111000'),
(145, 'Enrique Tapia', 'Av. La Marina 937, Lima', '961000999'),
(146, 'Paula Lozano', 'Jr. Progreso 138, Cusco', '950999888'),
(147, 'Cristóbal Ramos', 'Av. Grau 239, Arequipa', '939888777'),
(148, 'Andrea Silva', 'Calle San Juan 340, Ica', '928777666'),
(149, 'Alonso Castañeda', 'Av. Perú 441, Lima', '917666555'),
(150, 'Maribel Alarcón', 'Calle Central 542, Tacna', '906555444'),
(151, 'Nicolás Villanueva', 'Av. Real 643, Piura', '995444333'),
(152, 'Katherine Soto', 'Calle Ayacucho 744, Trujillo', '984333222'),
(153, 'Raúl Fernández', 'Av. Bolognesi 845, Arequipa', '973222111'),
(154, 'Tatiana Guzmán', 'Calle Principal 946, Cusco', '962111000'),
(155, 'Óscar Lozano', 'Av. El Sol 147, Chiclayo', '951000999'),
(156, 'Valeria Cruz', 'Calle Junín 248, Lima', '940999888'),
(157, 'Carlos Pérez', 'Av. Los Olivos 123, Lima', '987654321'),
(158, 'María López', 'Jr. Las Flores 456, Arequipa', '976543210'),
(159, 'José Ramírez', 'Calle Principal 789, Cusco', '965432109'),
(160, 'Ana Torres', 'Av. El Sol 321, Piura', '954321098'),
(161, 'Luis Fernández', 'Jr. Grau 654, Chiclayo', '943210987'),
(162, 'Carmen Castillo', 'Calle Lima 111, Trujillo', '932109876'),
(163, 'Pedro Sánchez', 'Av. Perú 222, Puno', '921098765'),
(164, 'Laura Vargas', 'Jr. Arequipa 333, Tacna', '910987654'),
(165, 'Ricardo Mendoza', 'Calle San Martín 444, Huancayo', '999888777'),
(166, 'Lucía Rojas', 'Av. Bolívar 555, Ica', '988777666'),
(167, 'Diego Salazar', 'Calle Amazonas 666, Tumbes', '977666555'),
(168, 'Paola Aguilar', 'Jr. Progreso 777, Cajamarca', '966555444'),
(169, 'Andrés Chávez', 'Av. Libertad 888, Lima', '955444333'),
(170, 'Gabriela Muñoz', 'Calle Bolognesi 999, Cusco', '944333222'),
(171, 'Hugo Morales', 'Av. La Marina 123, Piura', '933222111'),
(172, 'Diana Herrera', 'Jr. Tarapacá 234, Chiclayo', '922111000'),
(173, 'Francisco Díaz', 'Calle Junín 345, Huancayo', '911000999'),
(174, 'Rosa Paredes', 'Av. América 456, Trujillo', '900999888'),
(175, 'Javier Castro', 'Jr. Unión 567, Lima', '989888777'),
(176, 'Elena Navarro', 'Calle Ayacucho 678, Arequipa', '978777666'),
(177, 'Miguel Ortega', 'Av. Grau 789, Piura', '967666555'),
(178, 'Patricia Ramos', 'Calle Real 890, Cusco', '956555444'),
(179, 'Alberto Silva', 'Jr. Manco Cápac 135, Lima', '945444333'),
(180, 'Teresa Campos', 'Av. Tacna 246, Huancayo', '934333222'),
(181, 'Rodrigo Vega', 'Calle Libertad 357, Chiclayo', '923222111'),
(182, 'Natalia Cornejo', 'Jr. Amazonas 468, Iquitos', '912111000'),
(183, 'Oscar Flores', 'Av. San Juan 579, Lima', '901000999'),
(184, 'Sandra Cárdenas', 'Calle Arequipa 680, Tacna', '990999888'),
(185, 'Felipe Gutiérrez', 'Av. La Paz 791, Cusco', '979888777'),
(186, 'Vanessa Quispe', 'Jr. Junín 802, Puno', '968777666'),
(187, 'Esteban León', 'Calle Bolívar 913, Ica', '957666555'),
(188, 'Lorena Valdez', 'Av. Principal 102, Tumbes', '946555444'),
(189, 'Gustavo Ponce', 'Jr. Grau 203, Huancayo', '935444333'),
(190, 'Carolina Peña', 'Calle Lima 304, Arequipa', '924333222'),
(191, 'Mauricio Reyes', 'Av. Los Incas 405, Cusco', '913222111'),
(192, 'Isabel Soto', 'Jr. Amazonas 506, Chiclayo', '902111000'),
(193, 'Fernando Arias', 'Calle San Juan 607, Piura', '991000999'),
(194, 'Claudia Delgado', 'Av. Bolognesi 708, Trujillo', '980999888'),
(195, 'Raúl Cabrera', 'Calle Central 809, Lima', '969888777'),
(196, 'Mónica Medina', 'Av. Progreso 910, Tacna', '958777666'),
(197, 'Ángel Hurtado', 'Calle Real 111, Huancayo', '947666555'),
(198, 'Beatriz Ramos', 'Av. Libertad 212, Ica', '936555444'),
(199, 'Cristian Vargas', 'Jr. Unión 313, Cusco', '925444333'),
(200, 'Silvia Lozano', 'Av. Grau 414, Chiclayo', '914333222'),
(201, 'Héctor Torres', 'Calle Junín 515, Piura', '903222111'),
(202, 'Verónica Fuentes', 'Av. América 616, Arequipa', '992111000'),
(203, 'Pablo Carrasco', 'Calle San Martín 717, Lima', '981000999'),
(204, 'Adriana Campos', 'Jr. Ayacucho 818, Cusco', '970999888'),
(205, 'Manuel Ruiz', 'Av. Perú 919, Puno', '959888777'),
(206, 'Alejandra Salas', 'Calle Amazonas 120, Iquitos', '948777666'),
(207, 'Ignacio Bravo', 'Av. Grau 221, Chiclayo', '937666555'),
(208, 'Daniela Herrera', 'Calle Bolognesi 322, Piura', '926555444'),
(209, 'Camilo Peña', 'Av. El Sol 423, Lima', '915444333'),
(210, 'Ruth Morales', 'Calle Junín 524, Trujillo', '904333222'),
(211, 'Sebastián Rojas', 'Jr. Grau 625, Arequipa', '993222111'),
(212, 'Liliana Gamarra', 'Av. San Juan 726, Huancayo', '982111000'),
(213, 'Martín Pacheco', 'Calle Libertad 827, Cusco', '971000999'),
(214, 'Flor Vargas', 'Av. Tarapacá 928, Tacna', '960999888'),
(215, 'Julio Chávez', 'Calle Real 129, Ica', '949888777'),
(216, 'Camila Mendoza', 'Av. Bolívar 230, Lima', '938777666'),
(217, 'Antonio Quispe', 'Calle Progreso 331, Arequipa', '927666555'),
(218, 'Yesenia Palma', 'Av. Junín 432, Cusco', '916555444'),
(219, 'Marcos Hidalgo', 'Jr. Unión 533, Chiclayo', '905444333'),
(220, 'Sofía Aguilar', 'Calle Amazonas 634, Piura', '994333222'),
(221, 'Víctor Salazar', 'Av. Tacna 735, Huancayo', '983222111'),
(222, 'Marta Poma', 'Calle Bolognesi 836, Trujillo', '972111000'),
(223, 'Enrique Tapia', 'Av. La Marina 937, Lima', '961000999'),
(224, 'Paula Lozano', 'Jr. Progreso 138, Cusco', '950999888'),
(225, 'Cristóbal Ramos', 'Av. Grau 239, Arequipa', '939888777'),
(226, 'Andrea Silva', 'Calle San Juan 340, Ica', '928777666'),
(227, 'Alonso Castañeda', 'Av. Perú 441, Lima', '917666555'),
(228, 'Maribel Alarcón', 'Calle Central 542, Tacna', '906555444'),
(229, 'Nicolás Villanueva', 'Av. Real 643, Piura', '995444333'),
(230, 'Katherine Soto', 'Calle Ayacucho 744, Trujillo', '984333222'),
(231, 'Raúl Fernández', 'Av. Bolognesi 845, Arequipa', '973222111'),
(232, 'Tatiana Guzmán', 'Calle Principal 946, Cusco', '962111000'),
(233, 'Óscar Lozano', 'Av. El Sol 147, Chiclayo', '951000999'),
(234, 'Valeria Cruz', 'Calle Junín 248, Lima', '940999888'),
(235, 'Carlos Pérez', 'Av. Los Olivos 123, Lima', '987654321'),
(236, 'María López', 'Jr. Las Flores 456, Arequipa', '976543210'),
(237, 'José Ramírez', 'Calle Principal 789, Cusco', '965432109'),
(238, 'Ana Torres', 'Av. El Sol 321, Piura', '954321098'),
(239, 'Luis Fernández', 'Jr. Grau 654, Chiclayo', '943210987'),
(240, 'Carmen Castillo', 'Calle Lima 111, Trujillo', '932109876'),
(241, 'Pedro Sánchez', 'Av. Perú 222, Puno', '921098765'),
(242, 'Laura Vargas', 'Jr. Arequipa 333, Tacna', '910987654'),
(243, 'Ricardo Mendoza', 'Calle San Martín 444, Huancayo', '999888777'),
(244, 'Lucía Rojas', 'Av. Bolívar 555, Ica', '988777666'),
(245, 'Diego Salazar', 'Calle Amazonas 666, Tumbes', '977666555'),
(246, 'Paola Aguilar', 'Jr. Progreso 777, Cajamarca', '966555444'),
(247, 'Andrés Chávez', 'Av. Libertad 888, Lima', '955444333'),
(248, 'Gabriela Muñoz', 'Calle Bolognesi 999, Cusco', '944333222'),
(249, 'Hugo Morales', 'Av. La Marina 123, Piura', '933222111'),
(250, 'Diana Herrera', 'Jr. Tarapacá 234, Chiclayo', '922111000'),
(251, 'Francisco Díaz', 'Calle Junín 345, Huancayo', '911000999'),
(252, 'Rosa Paredes', 'Av. América 456, Trujillo', '900999888'),
(253, 'Javier Castro', 'Jr. Unión 567, Lima', '989888777'),
(254, 'Elena Navarro', 'Calle Ayacucho 678, Arequipa', '978777666'),
(255, 'Miguel Ortega', 'Av. Grau 789, Piura', '967666555'),
(256, 'Patricia Ramos', 'Calle Real 890, Cusco', '956555444'),
(257, 'Alberto Silva', 'Jr. Manco Cápac 135, Lima', '945444333'),
(258, 'Teresa Campos', 'Av. Tacna 246, Huancayo', '934333222'),
(259, 'Rodrigo Vega', 'Calle Libertad 357, Chiclayo', '923222111'),
(260, 'Natalia Cornejo', 'Jr. Amazonas 468, Iquitos', '912111000'),
(261, 'Oscar Flores', 'Av. San Juan 579, Lima', '901000999'),
(262, 'Sandra Cárdenas', 'Calle Arequipa 680, Tacna', '990999888'),
(263, 'Felipe Gutiérrez', 'Av. La Paz 791, Cusco', '979888777'),
(264, 'Vanessa Quispe', 'Jr. Junín 802, Puno', '968777666'),
(265, 'Esteban León', 'Calle Bolívar 913, Ica', '957666555'),
(266, 'Lorena Valdez', 'Av. Principal 102, Tumbes', '946555444'),
(267, 'Gustavo Ponce', 'Jr. Grau 203, Huancayo', '935444333'),
(268, 'Carolina Peña', 'Calle Lima 304, Arequipa', '924333222'),
(269, 'Mauricio Reyes', 'Av. Los Incas 405, Cusco', '913222111'),
(270, 'Isabel Soto', 'Jr. Amazonas 506, Chiclayo', '902111000'),
(271, 'Fernando Arias', 'Calle San Juan 607, Piura', '991000999'),
(272, 'Claudia Delgado', 'Av. Bolognesi 708, Trujillo', '980999888'),
(273, 'Raúl Cabrera', 'Calle Central 809, Lima', '969888777'),
(274, 'Mónica Medina', 'Av. Progreso 910, Tacna', '958777666'),
(275, 'Ángel Hurtado', 'Calle Real 111, Huancayo', '947666555'),
(276, 'Beatriz Ramos', 'Av. Libertad 212, Ica', '936555444'),
(277, 'Cristian Vargas', 'Jr. Unión 313, Cusco', '925444333'),
(278, 'Silvia Lozano', 'Av. Grau 414, Chiclayo', '914333222'),
(279, 'Héctor Torres', 'Calle Junín 515, Piura', '903222111'),
(280, 'Verónica Fuentes', 'Av. América 616, Arequipa', '992111000'),
(281, 'Pablo Carrasco', 'Calle San Martín 717, Lima', '981000999'),
(282, 'Adriana Campos', 'Jr. Ayacucho 818, Cusco', '970999888'),
(283, 'Manuel Ruiz', 'Av. Perú 919, Puno', '959888777'),
(284, 'Alejandra Salas', 'Calle Amazonas 120, Iquitos', '948777666'),
(285, 'Ignacio Bravo', 'Av. Grau 221, Chiclayo', '937666555'),
(286, 'Daniela Herrera', 'Calle Bolognesi 322, Piura', '926555444'),
(287, 'Camilo Peña', 'Av. El Sol 423, Lima', '915444333'),
(288, 'Ruth Morales', 'Calle Junín 524, Trujillo', '904333222'),
(289, 'Sebastián Rojas', 'Jr. Grau 625, Arequipa', '993222111'),
(290, 'Liliana Gamarra', 'Av. San Juan 726, Huancayo', '982111000'),
(291, 'Martín Pacheco', 'Calle Libertad 827, Cusco', '971000999'),
(292, 'Flor Vargas', 'Av. Tarapacá 928, Tacna', '960999888'),
(293, 'Julio Chávez', 'Calle Real 129, Ica', '949888777'),
(294, 'Camila Mendoza', 'Av. Bolívar 230, Lima', '938777666'),
(295, 'Antonio Quispe', 'Calle Progreso 331, Arequipa', '927666555'),
(296, 'Yesenia Palma', 'Av. Junín 432, Cusco', '916555444'),
(297, 'Marcos Hidalgo', 'Jr. Unión 533, Chiclayo', '905444333'),
(298, 'Sofía Aguilar', 'Calle Amazonas 634, Piura', '994333222'),
(299, 'Víctor Salazar', 'Av. Tacna 735, Huancayo', '983222111'),
(300, 'Marta Poma', 'Calle Bolognesi 836, Trujillo', '972111000'),
(301, 'Enrique Tapia', 'Av. La Marina 937, Lima', '961000999'),
(302, 'Paula Lozano', 'Jr. Progreso 138, Cusco', '950999888'),
(303, 'Cristóbal Ramos', 'Av. Grau 239, Arequipa', '939888777'),
(304, 'Andrea Silva', 'Calle San Juan 340, Ica', '928777666'),
(305, 'Alonso Castañeda', 'Av. Perú 441, Lima', '917666555'),
(306, 'Maribel Alarcón', 'Calle Central 542, Tacna', '906555444'),
(307, 'Nicolás Villanueva', 'Av. Real 643, Piura', '995444333'),
(308, 'Katherine Soto', 'Calle Ayacucho 744, Trujillo', '984333222'),
(309, 'Raúl Fernández', 'Av. Bolognesi 845, Arequipa', '973222111'),
(310, 'Tatiana Guzmán', 'Calle Principal 946, Cusco', '962111000'),
(311, 'Óscar Lozano', 'Av. El Sol 147, Chiclayo', '951000999'),
(312, 'Valeria Cruz', 'Calle Junín 248, Lima', '940999888'),
(313, 'Carlos Pérez', 'Av. Los Olivos 123, Lima', '987654321'),
(314, 'María López', 'Jr. Las Flores 456, Arequipa', '976543210'),
(315, 'José Ramírez', 'Calle Principal 789, Cusco', '965432109'),
(316, 'Ana Torres', 'Av. El Sol 321, Piura', '954321098'),
(317, 'Luis Fernández', 'Jr. Grau 654, Chiclayo', '943210987'),
(318, 'Carmen Castillo', 'Calle Lima 111, Trujillo', '932109876'),
(319, 'Pedro Sánchez', 'Av. Perú 222, Puno', '921098765'),
(320, 'Laura Vargas', 'Jr. Arequipa 333, Tacna', '910987654'),
(321, 'Ricardo Mendoza', 'Calle San Martín 444, Huancayo', '999888777'),
(322, 'Lucía Rojas', 'Av. Bolívar 555, Ica', '988777666'),
(323, 'Diego Salazar', 'Calle Amazonas 666, Tumbes', '977666555'),
(324, 'Paola Aguilar', 'Jr. Progreso 777, Cajamarca', '966555444'),
(325, 'Andrés Chávez', 'Av. Libertad 888, Lima', '955444333'),
(326, 'Gabriela Muñoz', 'Calle Bolognesi 999, Cusco', '944333222'),
(327, 'Hugo Morales', 'Av. La Marina 123, Piura', '933222111'),
(328, 'Diana Herrera', 'Jr. Tarapacá 234, Chiclayo', '922111000'),
(329, 'Francisco Díaz', 'Calle Junín 345, Huancayo', '911000999'),
(330, 'Rosa Paredes', 'Av. América 456, Trujillo', '900999888'),
(331, 'Javier Castro', 'Jr. Unión 567, Lima', '989888777'),
(332, 'Elena Navarro', 'Calle Ayacucho 678, Arequipa', '978777666'),
(333, 'Miguel Ortega', 'Av. Grau 789, Piura', '967666555'),
(334, 'Patricia Ramos', 'Calle Real 890, Cusco', '956555444'),
(335, 'Alberto Silva', 'Jr. Manco Cápac 135, Lima', '945444333'),
(336, 'Teresa Campos', 'Av. Tacna 246, Huancayo', '934333222'),
(337, 'Rodrigo Vega', 'Calle Libertad 357, Chiclayo', '923222111'),
(338, 'Natalia Cornejo', 'Jr. Amazonas 468, Iquitos', '912111000'),
(339, 'Oscar Flores', 'Av. San Juan 579, Lima', '901000999'),
(340, 'Sandra Cárdenas', 'Calle Arequipa 680, Tacna', '990999888'),
(341, 'Felipe Gutiérrez', 'Av. La Paz 791, Cusco', '979888777'),
(342, 'Vanessa Quispe', 'Jr. Junín 802, Puno', '968777666'),
(343, 'Esteban León', 'Calle Bolívar 913, Ica', '957666555'),
(344, 'Lorena Valdez', 'Av. Principal 102, Tumbes', '946555444'),
(345, 'Gustavo Ponce', 'Jr. Grau 203, Huancayo', '935444333'),
(346, 'Carolina Peña', 'Calle Lima 304, Arequipa', '924333222'),
(347, 'Mauricio Reyes', 'Av. Los Incas 405, Cusco', '913222111'),
(348, 'Isabel Soto', 'Jr. Amazonas 506, Chiclayo', '902111000'),
(349, 'Fernando Arias', 'Calle San Juan 607, Piura', '991000999'),
(350, 'Claudia Delgado', 'Av. Bolognesi 708, Trujillo', '980999888'),
(351, 'Raúl Cabrera', 'Calle Central 809, Lima', '969888777'),
(352, 'Mónica Medina', 'Av. Progreso 910, Tacna', '958777666'),
(353, 'Ángel Hurtado', 'Calle Real 111, Huancayo', '947666555'),
(354, 'Beatriz Ramos', 'Av. Libertad 212, Ica', '936555444'),
(355, 'Cristian Vargas', 'Jr. Unión 313, Cusco', '925444333'),
(356, 'Silvia Lozano', 'Av. Grau 414, Chiclayo', '914333222'),
(357, 'Héctor Torres', 'Calle Junín 515, Piura', '903222111'),
(358, 'Verónica Fuentes', 'Av. América 616, Arequipa', '992111000'),
(359, 'Pablo Carrasco', 'Calle San Martín 717, Lima', '981000999'),
(360, 'Adriana Campos', 'Jr. Ayacucho 818, Cusco', '970999888'),
(361, 'Manuel Ruiz', 'Av. Perú 919, Puno', '959888777'),
(362, 'Alejandra Salas', 'Calle Amazonas 120, Iquitos', '948777666'),
(363, 'Ignacio Bravo', 'Av. Grau 221, Chiclayo', '937666555'),
(364, 'Daniela Herrera', 'Calle Bolognesi 322, Piura', '926555444'),
(365, 'Camilo Peña', 'Av. El Sol 423, Lima', '915444333'),
(366, 'Ruth Morales', 'Calle Junín 524, Trujillo', '904333222'),
(367, 'Sebastián Rojas', 'Jr. Grau 625, Arequipa', '993222111'),
(368, 'Liliana Gamarra', 'Av. San Juan 726, Huancayo', '982111000'),
(369, 'Martín Pacheco', 'Calle Libertad 827, Cusco', '971000999'),
(370, 'Flor Vargas', 'Av. Tarapacá 928, Tacna', '960999888'),
(371, 'Julio Chávez', 'Calle Real 129, Ica', '949888777'),
(372, 'Camila Mendoza', 'Av. Bolívar 230, Lima', '938777666'),
(373, 'Antonio Quispe', 'Calle Progreso 331, Arequipa', '927666555'),
(374, 'Yesenia Palma', 'Av. Junín 432, Cusco', '916555444'),
(375, 'Marcos Hidalgo', 'Jr. Unión 533, Chiclayo', '905444333'),
(376, 'Sofía Aguilar', 'Calle Amazonas 634, Piura', '994333222'),
(377, 'Víctor Salazar', 'Av. Tacna 735, Huancayo', '983222111'),
(378, 'Marta Poma', 'Calle Bolognesi 836, Trujillo', '972111000'),
(379, 'Enrique Tapia', 'Av. La Marina 937, Lima', '961000999'),
(380, 'Paula Lozano', 'Jr. Progreso 138, Cusco', '950999888'),
(381, 'Cristóbal Ramos', 'Av. Grau 239, Arequipa', '939888777'),
(382, 'Andrea Silva', 'Calle San Juan 340, Ica', '928777666'),
(383, 'Alonso Castañeda', 'Av. Perú 441, Lima', '917666555'),
(384, 'Maribel Alarcón', 'Calle Central 542, Tacna', '906555444'),
(385, 'Nicolás Villanueva', 'Av. Real 643, Piura', '995444333'),
(386, 'Katherine Soto', 'Calle Ayacucho 744, Trujillo', '984333222'),
(387, 'Raúl Fernández', 'Av. Bolognesi 845, Arequipa', '973222111'),
(388, 'Tatiana Guzmán', 'Calle Principal 946, Cusco', '962111000'),
(389, 'Óscar Lozano', 'Av. El Sol 147, Chiclayo', '951000999'),
(390, 'Valeria Cruz', 'Calle Junín 248, Lima', '940999888'),
(391, 'Carlos Pérez', 'Av. Los Olivos 123, Lima', '987654321'),
(392, 'María López', 'Jr. Las Flores 456, Arequipa', '976543210'),
(393, 'José Ramírez', 'Calle Principal 789, Cusco', '965432109'),
(394, 'Ana Torres', 'Av. El Sol 321, Piura', '954321098'),
(395, 'Luis Fernández', 'Jr. Grau 654, Chiclayo', '943210987'),
(396, 'Carmen Castillo', 'Calle Lima 111, Trujillo', '932109876'),
(397, 'Pedro Sánchez', 'Av. Perú 222, Puno', '921098765'),
(398, 'Laura Vargas', 'Jr. Arequipa 333, Tacna', '910987654'),
(399, 'Ricardo Mendoza', 'Calle San Martín 444, Huancayo', '999888777'),
(400, 'Lucía Rojas', 'Av. Bolívar 555, Ica', '988777666'),
(401, 'Diego Salazar', 'Calle Amazonas 666, Tumbes', '977666555'),
(402, 'Paola Aguilar', 'Jr. Progreso 777, Cajamarca', '966555444'),
(403, 'Andrés Chávez', 'Av. Libertad 888, Lima', '955444333'),
(404, 'Gabriela Muñoz', 'Calle Bolognesi 999, Cusco', '944333222'),
(405, 'Hugo Morales', 'Av. La Marina 123, Piura', '933222111'),
(406, 'Diana Herrera', 'Jr. Tarapacá 234, Chiclayo', '922111000'),
(407, 'Francisco Díaz', 'Calle Junín 345, Huancayo', '911000999'),
(408, 'Rosa Paredes', 'Av. América 456, Trujillo', '900999888'),
(409, 'Javier Castro', 'Jr. Unión 567, Lima', '989888777'),
(410, 'Elena Navarro', 'Calle Ayacucho 678, Arequipa', '978777666'),
(411, 'Miguel Ortega', 'Av. Grau 789, Piura', '967666555'),
(412, 'Patricia Ramos', 'Calle Real 890, Cusco', '956555444'),
(413, 'Alberto Silva', 'Jr. Manco Cápac 135, Lima', '945444333'),
(414, 'Teresa Campos', 'Av. Tacna 246, Huancayo', '934333222'),
(415, 'Rodrigo Vega', 'Calle Libertad 357, Chiclayo', '923222111'),
(416, 'Natalia Cornejo', 'Jr. Amazonas 468, Iquitos', '912111000'),
(417, 'Oscar Flores', 'Av. San Juan 579, Lima', '901000999'),
(418, 'Sandra Cárdenas', 'Calle Arequipa 680, Tacna', '990999888'),
(419, 'Felipe Gutiérrez', 'Av. La Paz 791, Cusco', '979888777'),
(420, 'Vanessa Quispe', 'Jr. Junín 802, Puno', '968777666'),
(421, 'Esteban León', 'Calle Bolívar 913, Ica', '957666555'),
(422, 'Lorena Valdez', 'Av. Principal 102, Tumbes', '946555444'),
(423, 'Gustavo Ponce', 'Jr. Grau 203, Huancayo', '935444333'),
(424, 'Carolina Peña', 'Calle Lima 304, Arequipa', '924333222'),
(425, 'Mauricio Reyes', 'Av. Los Incas 405, Cusco', '913222111'),
(426, 'Isabel Soto', 'Jr. Amazonas 506, Chiclayo', '902111000'),
(427, 'Fernando Arias', 'Calle San Juan 607, Piura', '991000999'),
(428, 'Claudia Delgado', 'Av. Bolognesi 708, Trujillo', '980999888'),
(429, 'Raúl Cabrera', 'Calle Central 809, Lima', '969888777'),
(430, 'Mónica Medina', 'Av. Progreso 910, Tacna', '958777666'),
(431, 'Ángel Hurtado', 'Calle Real 111, Huancayo', '947666555'),
(432, 'Beatriz Ramos', 'Av. Libertad 212, Ica', '936555444'),
(433, 'Cristian Vargas', 'Jr. Unión 313, Cusco', '925444333'),
(434, 'Silvia Lozano', 'Av. Grau 414, Chiclayo', '914333222'),
(435, 'Héctor Torres', 'Calle Junín 515, Piura', '903222111'),
(436, 'Verónica Fuentes', 'Av. América 616, Arequipa', '992111000'),
(437, 'Pablo Carrasco', 'Calle San Martín 717, Lima', '981000999'),
(438, 'Adriana Campos', 'Jr. Ayacucho 818, Cusco', '970999888'),
(439, 'Manuel Ruiz', 'Av. Perú 919, Puno', '959888777'),
(440, 'Alejandra Salas', 'Calle Amazonas 120, Iquitos', '948777666'),
(441, 'Ignacio Bravo', 'Av. Grau 221, Chiclayo', '937666555'),
(442, 'Daniela Herrera', 'Calle Bolognesi 322, Piura', '926555444'),
(443, 'Camilo Peña', 'Av. El Sol 423, Lima', '915444333'),
(444, 'Ruth Morales', 'Calle Junín 524, Trujillo', '904333222'),
(445, 'Sebastián Rojas', 'Jr. Grau 625, Arequipa', '993222111'),
(446, 'Liliana Gamarra', 'Av. San Juan 726, Huancayo', '982111000'),
(447, 'Martín Pacheco', 'Calle Libertad 827, Cusco', '971000999'),
(448, 'Flor Vargas', 'Av. Tarapacá 928, Tacna', '960999888'),
(449, 'Julio Chávez', 'Calle Real 129, Ica', '949888777'),
(450, 'Camila Mendoza', 'Av. Bolívar 230, Lima', '938777666'),
(451, 'Antonio Quispe', 'Calle Progreso 331, Arequipa', '927666555'),
(452, 'Yesenia Palma', 'Av. Junín 432, Cusco', '916555444'),
(453, 'Marcos Hidalgo', 'Jr. Unión 533, Chiclayo', '905444333'),
(454, 'Sofía Aguilar', 'Calle Amazonas 634, Piura', '994333222'),
(455, 'Víctor Salazar', 'Av. Tacna 735, Huancayo', '983222111'),
(456, 'Marta Poma', 'Calle Bolognesi 836, Trujillo', '972111000'),
(457, 'Enrique Tapia', 'Av. La Marina 937, Lima', '961000999'),
(458, 'Paula Lozano', 'Jr. Progreso 138, Cusco', '950999888'),
(459, 'Cristóbal Ramos', 'Av. Grau 239, Arequipa', '939888777'),
(460, 'Andrea Silva', 'Calle San Juan 340, Ica', '928777666'),
(461, 'Alonso Castañeda', 'Av. Perú 441, Lima', '917666555'),
(462, 'Maribel Alarcón', 'Calle Central 542, Tacna', '906555444'),
(463, 'Nicolás Villanueva', 'Av. Real 643, Piura', '995444333'),
(464, 'Katherine Soto', 'Calle Ayacucho 744, Trujillo', '984333222'),
(465, 'Raúl Fernández', 'Av. Bolognesi 845, Arequipa', '973222111'),
(466, 'Tatiana Guzmán', 'Calle Principal 946, Cusco', '962111000'),
(467, 'Óscar Lozano', 'Av. El Sol 147, Chiclayo', '951000999'),
(468, 'Valeria Cruz', 'Calle Junín 248, Lima', '940999888'),
(469, 'Carlos Pérez', 'Av. Los Olivos 123, Lima', '987654321'),
(470, 'María López', 'Jr. Las Flores 456, Arequipa', '976543210'),
(471, 'José Ramírez', 'Calle Principal 789, Cusco', '965432109'),
(472, 'Ana Torres', 'Av. El Sol 321, Piura', '954321098'),
(473, 'Luis Fernández', 'Jr. Grau 654, Chiclayo', '943210987'),
(474, 'Carmen Castillo', 'Calle Lima 111, Trujillo', '932109876'),
(475, 'Pedro Sánchez', 'Av. Perú 222, Puno', '921098765'),
(476, 'Laura Vargas', 'Jr. Arequipa 333, Tacna', '910987654'),
(477, 'Ricardo Mendoza', 'Calle San Martín 444, Huancayo', '999888777'),
(478, 'Lucía Rojas', 'Av. Bolívar 555, Ica', '988777666'),
(479, 'Diego Salazar', 'Calle Amazonas 666, Tumbes', '977666555'),
(480, 'Paola Aguilar', 'Jr. Progreso 777, Cajamarca', '966555444'),
(481, 'Andrés Chávez', 'Av. Libertad 888, Lima', '955444333'),
(482, 'Gabriela Muñoz', 'Calle Bolognesi 999, Cusco', '944333222'),
(483, 'Hugo Morales', 'Av. La Marina 123, Piura', '933222111'),
(484, 'Diana Herrera', 'Jr. Tarapacá 234, Chiclayo', '922111000'),
(485, 'Francisco Díaz', 'Calle Junín 345, Huancayo', '911000999'),
(486, 'Rosa Paredes', 'Av. América 456, Trujillo', '900999888'),
(487, 'Javier Castro', 'Jr. Unión 567, Lima', '989888777'),
(488, 'Elena Navarro', 'Calle Ayacucho 678, Arequipa', '978777666'),
(489, 'Miguel Ortega', 'Av. Grau 789, Piura', '967666555'),
(490, 'Patricia Ramos', 'Calle Real 890, Cusco', '956555444'),
(491, 'Alberto Silva', 'Jr. Manco Cápac 135, Lima', '945444333'),
(492, 'Teresa Campos', 'Av. Tacna 246, Huancayo', '934333222'),
(493, 'Rodrigo Vega', 'Calle Libertad 357, Chiclayo', '923222111'),
(494, 'Natalia Cornejo', 'Jr. Amazonas 468, Iquitos', '912111000'),
(495, 'Oscar Flores', 'Av. San Juan 579, Lima', '901000999'),
(496, 'Sandra Cárdenas', 'Calle Arequipa 680, Tacna', '990999888'),
(497, 'Felipe Gutiérrez', 'Av. La Paz 791, Cusco', '979888777'),
(498, 'Vanessa Quispe', 'Jr. Junín 802, Puno', '968777666'),
(499, 'Esteban León', 'Calle Bolívar 913, Ica', '957666555'),
(500, 'Lorena Valdez', 'Av. Principal 102, Tumbes', '946555444'),
(501, 'Gustavo Ponce', 'Jr. Grau 203, Huancayo', '935444333'),
(502, 'Carolina Peña', 'Calle Lima 304, Arequipa', '924333222'),
(503, 'Mauricio Reyes', 'Av. Los Incas 405, Cusco', '913222111'),
(504, 'Isabel Soto', 'Jr. Amazonas 506, Chiclayo', '902111000'),
(505, 'Fernando Arias', 'Calle San Juan 607, Piura', '991000999'),
(506, 'Claudia Delgado', 'Av. Bolognesi 708, Trujillo', '980999888'),
(507, 'Raúl Cabrera', 'Calle Central 809, Lima', '969888777'),
(508, 'Mónica Medina', 'Av. Progreso 910, Tacna', '958777666'),
(509, 'Ángel Hurtado', 'Calle Real 111, Huancayo', '947666555'),
(510, 'Beatriz Ramos', 'Av. Libertad 212, Ica', '936555444'),
(511, 'Cristian Vargas', 'Jr. Unión 313, Cusco', '925444333'),
(512, 'Silvia Lozano', 'Av. Grau 414, Chiclayo', '914333222'),
(513, 'Héctor Torres', 'Calle Junín 515, Piura', '903222111'),
(514, 'Verónica Fuentes', 'Av. América 616, Arequipa', '992111000'),
(515, 'Pablo Carrasco', 'Calle San Martín 717, Lima', '981000999'),
(516, 'Adriana Campos', 'Jr. Ayacucho 818, Cusco', '970999888'),
(517, 'Manuel Ruiz', 'Av. Perú 919, Puno', '959888777'),
(518, 'Alejandra Salas', 'Calle Amazonas 120, Iquitos', '948777666'),
(519, 'Ignacio Bravo', 'Av. Grau 221, Chiclayo', '937666555'),
(520, 'Daniela Herrera', 'Calle Bolognesi 322, Piura', '926555444'),
(521, 'Camilo Peña', 'Av. El Sol 423, Lima', '915444333'),
(522, 'Ruth Morales', 'Calle Junín 524, Trujillo', '904333222'),
(523, 'Sebastián Rojas', 'Jr. Grau 625, Arequipa', '993222111'),
(524, 'Liliana Gamarra', 'Av. San Juan 726, Huancayo', '982111000'),
(525, 'Martín Pacheco', 'Calle Libertad 827, Cusco', '971000999'),
(526, 'Flor Vargas', 'Av. Tarapacá 928, Tacna', '960999888'),
(527, 'Julio Chávez', 'Calle Real 129, Ica', '949888777'),
(528, 'Camila Mendoza', 'Av. Bolívar 230, Lima', '938777666'),
(529, 'Antonio Quispe', 'Calle Progreso 331, Arequipa', '927666555'),
(530, 'Yesenia Palma', 'Av. Junín 432, Cusco', '916555444'),
(531, 'Marcos Hidalgo', 'Jr. Unión 533, Chiclayo', '905444333'),
(532, 'Sofía Aguilar', 'Calle Amazonas 634, Piura', '994333222'),
(533, 'Víctor Salazar', 'Av. Tacna 735, Huancayo', '983222111'),
(534, 'Marta Poma', 'Calle Bolognesi 836, Trujillo', '972111000'),
(535, 'Enrique Tapia', 'Av. La Marina 937, Lima', '961000999'),
(536, 'Paula Lozano', 'Jr. Progreso 138, Cusco', '950999888'),
(537, 'Cristóbal Ramos', 'Av. Grau 239, Arequipa', '939888777'),
(538, 'Andrea Silva', 'Calle San Juan 340, Ica', '928777666'),
(539, 'Alonso Castañeda', 'Av. Perú 441, Lima', '917666555'),
(540, 'Maribel Alarcón', 'Calle Central 542, Tacna', '906555444'),
(541, 'Nicolás Villanueva', 'Av. Real 643, Piura', '995444333'),
(542, 'Katherine Soto', 'Calle Ayacucho 744, Trujillo', '984333222'),
(543, 'Raúl Fernández', 'Av. Bolognesi 845, Arequipa', '973222111'),
(544, 'Tatiana Guzmán', 'Calle Principal 946, Cusco', '962111000'),
(545, 'Óscar Lozano', 'Av. El Sol 147, Chiclayo', '951000999'),
(546, 'Valeria Cruz', 'Calle Junín 248, Lima', '940999888'),
(547, 'Carlos Pérez', 'Av. Los Olivos 123, Lima', '987654321'),
(548, 'María López', 'Jr. Las Flores 456, Arequipa', '976543210'),
(549, 'José Ramírez', 'Calle Principal 789, Cusco', '965432109'),
(550, 'Ana Torres', 'Av. El Sol 321, Piura', '954321098'),
(551, 'Luis Fernández', 'Jr. Grau 654, Chiclayo', '943210987'),
(552, 'Carmen Castillo', 'Calle Lima 111, Trujillo', '932109876'),
(553, 'Pedro Sánchez', 'Av. Perú 222, Puno', '921098765'),
(554, 'Laura Vargas', 'Jr. Arequipa 333, Tacna', '910987654'),
(555, 'Ricardo Mendoza', 'Calle San Martín 444, Huancayo', '999888777'),
(556, 'Lucía Rojas', 'Av. Bolívar 555, Ica', '988777666'),
(557, 'Diego Salazar', 'Calle Amazonas 666, Tumbes', '977666555'),
(558, 'Paola Aguilar', 'Jr. Progreso 777, Cajamarca', '966555444'),
(559, 'Andrés Chávez', 'Av. Libertad 888, Lima', '955444333'),
(560, 'Gabriela Muñoz', 'Calle Bolognesi 999, Cusco', '944333222'),
(561, 'Hugo Morales', 'Av. La Marina 123, Piura', '933222111'),
(562, 'Diana Herrera', 'Jr. Tarapacá 234, Chiclayo', '922111000'),
(563, 'Francisco Díaz', 'Calle Junín 345, Huancayo', '911000999'),
(564, 'Rosa Paredes', 'Av. América 456, Trujillo', '900999888'),
(565, 'Javier Castro', 'Jr. Unión 567, Lima', '989888777'),
(566, 'Elena Navarro', 'Calle Ayacucho 678, Arequipa', '978777666'),
(567, 'Miguel Ortega', 'Av. Grau 789, Piura', '967666555'),
(568, 'Patricia Ramos', 'Calle Real 890, Cusco', '956555444'),
(569, 'Alberto Silva', 'Jr. Manco Cápac 135, Lima', '945444333'),
(570, 'Teresa Campos', 'Av. Tacna 246, Huancayo', '934333222'),
(571, 'Rodrigo Vega', 'Calle Libertad 357, Chiclayo', '923222111'),
(572, 'Natalia Cornejo', 'Jr. Amazonas 468, Iquitos', '912111000'),
(573, 'Oscar Flores', 'Av. San Juan 579, Lima', '901000999'),
(574, 'Sandra Cárdenas', 'Calle Arequipa 680, Tacna', '990999888'),
(575, 'Felipe Gutiérrez', 'Av. La Paz 791, Cusco', '979888777'),
(576, 'Vanessa Quispe', 'Jr. Junín 802, Puno', '968777666'),
(577, 'Esteban León', 'Calle Bolívar 913, Ica', '957666555'),
(578, 'Lorena Valdez', 'Av. Principal 102, Tumbes', '946555444'),
(579, 'Gustavo Ponce', 'Jr. Grau 203, Huancayo', '935444333'),
(580, 'Carolina Peña', 'Calle Lima 304, Arequipa', '924333222'),
(581, 'Mauricio Reyes', 'Av. Los Incas 405, Cusco', '913222111'),
(582, 'Isabel Soto', 'Jr. Amazonas 506, Chiclayo', '902111000'),
(583, 'Fernando Arias', 'Calle San Juan 607, Piura', '991000999'),
(584, 'Claudia Delgado', 'Av. Bolognesi 708, Trujillo', '980999888'),
(585, 'Raúl Cabrera', 'Calle Central 809, Lima', '969888777'),
(586, 'Mónica Medina', 'Av. Progreso 910, Tacna', '958777666'),
(587, 'Ángel Hurtado', 'Calle Real 111, Huancayo', '947666555'),
(588, 'Beatriz Ramos', 'Av. Libertad 212, Ica', '936555444'),
(589, 'Cristian Vargas', 'Jr. Unión 313, Cusco', '925444333'),
(590, 'Silvia Lozano', 'Av. Grau 414, Chiclayo', '914333222'),
(591, 'Héctor Torres', 'Calle Junín 515, Piura', '903222111'),
(592, 'Verónica Fuentes', 'Av. América 616, Arequipa', '992111000'),
(593, 'Pablo Carrasco', 'Calle San Martín 717, Lima', '981000999'),
(594, 'Adriana Campos', 'Jr. Ayacucho 818, Cusco', '970999888'),
(595, 'Manuel Ruiz', 'Av. Perú 919, Puno', '959888777'),
(596, 'Alejandra Salas', 'Calle Amazonas 120, Iquitos', '948777666'),
(597, 'Ignacio Bravo', 'Av. Grau 221, Chiclayo', '937666555'),
(598, 'Daniela Herrera', 'Calle Bolognesi 322, Piura', '926555444'),
(599, 'Camilo Peña', 'Av. El Sol 423, Lima', '915444333'),
(600, 'Ruth Morales', 'Calle Junín 524, Trujillo', '904333222'),
(601, 'Sebastián Rojas', 'Jr. Grau 625, Arequipa', '993222111'),
(602, 'Liliana Gamarra', 'Av. San Juan 726, Huancayo', '982111000'),
(603, 'Martín Pacheco', 'Calle Libertad 827, Cusco', '971000999'),
(604, 'Flor Vargas', 'Av. Tarapacá 928, Tacna', '960999888'),
(605, 'Julio Chávez', 'Calle Real 129, Ica', '949888777'),
(606, 'Camila Mendoza', 'Av. Bolívar 230, Lima', '938777666'),
(607, 'Antonio Quispe', 'Calle Progreso 331, Arequipa', '927666555'),
(608, 'Yesenia Palma', 'Av. Junín 432, Cusco', '916555444'),
(609, 'Marcos Hidalgo', 'Jr. Unión 533, Chiclayo', '905444333'),
(610, 'Sofía Aguilar', 'Calle Amazonas 634, Piura', '994333222'),
(611, 'Víctor Salazar', 'Av. Tacna 735, Huancayo', '983222111'),
(612, 'Marta Poma', 'Calle Bolognesi 836, Trujillo', '972111000'),
(613, 'Enrique Tapia', 'Av. La Marina 937, Lima', '961000999'),
(614, 'Paula Lozano', 'Jr. Progreso 138, Cusco', '950999888'),
(615, 'Cristóbal Ramos', 'Av. Grau 239, Arequipa', '939888777'),
(616, 'Andrea Silva', 'Calle San Juan 340, Ica', '928777666'),
(617, 'Alonso Castañeda', 'Av. Perú 441, Lima', '917666555'),
(618, 'Maribel Alarcón', 'Calle Central 542, Tacna', '906555444'),
(619, 'Nicolás Villanueva', 'Av. Real 643, Piura', '995444333'),
(620, 'Katherine Soto', 'Calle Ayacucho 744, Trujillo', '984333222'),
(621, 'Raúl Fernández', 'Av. Bolognesi 845, Arequipa', '973222111'),
(622, 'Tatiana Guzmán', 'Calle Principal 946, Cusco', '962111000'),
(623, 'Óscar Lozano', 'Av. El Sol 147, Chiclayo', '951000999'),
(624, 'Valeria Cruz', 'Calle Junín 248, Lima', '940999888'),
(625, 'Carlos Pérez', 'Av. Los Olivos 123, Lima', '987654321'),
(626, 'María López', 'Jr. Las Flores 456, Arequipa', '976543210'),
(627, 'José Ramírez', 'Calle Principal 789, Cusco', '965432109'),
(628, 'Ana Torres', 'Av. El Sol 321, Piura', '954321098'),
(629, 'Luis Fernández', 'Jr. Grau 654, Chiclayo', '943210987'),
(630, 'Carmen Castillo', 'Calle Lima 111, Trujillo', '932109876'),
(631, 'Pedro Sánchez', 'Av. Perú 222, Puno', '921098765'),
(632, 'Laura Vargas', 'Jr. Arequipa 333, Tacna', '910987654'),
(633, 'Ricardo Mendoza', 'Calle San Martín 444, Huancayo', '999888777'),
(634, 'Lucía Rojas', 'Av. Bolívar 555, Ica', '988777666'),
(635, 'Diego Salazar', 'Calle Amazonas 666, Tumbes', '977666555'),
(636, 'Paola Aguilar', 'Jr. Progreso 777, Cajamarca', '966555444'),
(637, 'Andrés Chávez', 'Av. Libertad 888, Lima', '955444333'),
(638, 'Gabriela Muñoz', 'Calle Bolognesi 999, Cusco', '944333222'),
(639, 'Hugo Morales', 'Av. La Marina 123, Piura', '933222111'),
(640, 'Diana Herrera', 'Jr. Tarapacá 234, Chiclayo', '922111000'),
(641, 'Francisco Díaz', 'Calle Junín 345, Huancayo', '911000999'),
(642, 'Rosa Paredes', 'Av. América 456, Trujillo', '900999888'),
(643, 'Javier Castro', 'Jr. Unión 567, Lima', '989888777'),
(644, 'Elena Navarro', 'Calle Ayacucho 678, Arequipa', '978777666'),
(645, 'Miguel Ortega', 'Av. Grau 789, Piura', '967666555'),
(646, 'Patricia Ramos', 'Calle Real 890, Cusco', '956555444'),
(647, 'Alberto Silva', 'Jr. Manco Cápac 135, Lima', '945444333'),
(648, 'Teresa Campos', 'Av. Tacna 246, Huancayo', '934333222'),
(649, 'Rodrigo Vega', 'Calle Libertad 357, Chiclayo', '923222111'),
(650, 'Natalia Cornejo', 'Jr. Amazonas 468, Iquitos', '912111000'),
(651, 'Oscar Flores', 'Av. San Juan 579, Lima', '901000999'),
(652, 'Sandra Cárdenas', 'Calle Arequipa 680, Tacna', '990999888'),
(653, 'Felipe Gutiérrez', 'Av. La Paz 791, Cusco', '979888777'),
(654, 'Vanessa Quispe', 'Jr. Junín 802, Puno', '968777666'),
(655, 'Esteban León', 'Calle Bolívar 913, Ica', '957666555'),
(656, 'Lorena Valdez', 'Av. Principal 102, Tumbes', '946555444'),
(657, 'Gustavo Ponce', 'Jr. Grau 203, Huancayo', '935444333'),
(658, 'Carolina Peña', 'Calle Lima 304, Arequipa', '924333222'),
(659, 'Mauricio Reyes', 'Av. Los Incas 405, Cusco', '913222111'),
(660, 'Isabel Soto', 'Jr. Amazonas 506, Chiclayo', '902111000'),
(661, 'Fernando Arias', 'Calle San Juan 607, Piura', '991000999'),
(662, 'Claudia Delgado', 'Av. Bolognesi 708, Trujillo', '980999888'),
(663, 'Raúl Cabrera', 'Calle Central 809, Lima', '969888777'),
(664, 'Mónica Medina', 'Av. Progreso 910, Tacna', '958777666'),
(665, 'Ángel Hurtado', 'Calle Real 111, Huancayo', '947666555'),
(666, 'Beatriz Ramos', 'Av. Libertad 212, Ica', '936555444'),
(667, 'Cristian Vargas', 'Jr. Unión 313, Cusco', '925444333'),
(668, 'Silvia Lozano', 'Av. Grau 414, Chiclayo', '914333222'),
(669, 'Héctor Torres', 'Calle Junín 515, Piura', '903222111'),
(670, 'Verónica Fuentes', 'Av. América 616, Arequipa', '992111000'),
(671, 'Pablo Carrasco', 'Calle San Martín 717, Lima', '981000999'),
(672, 'Adriana Campos', 'Jr. Ayacucho 818, Cusco', '970999888'),
(673, 'Manuel Ruiz', 'Av. Perú 919, Puno', '959888777'),
(674, 'Alejandra Salas', 'Calle Amazonas 120, Iquitos', '948777666'),
(675, 'Ignacio Bravo', 'Av. Grau 221, Chiclayo', '937666555'),
(676, 'Daniela Herrera', 'Calle Bolognesi 322, Piura', '926555444'),
(677, 'Camilo Peña', 'Av. El Sol 423, Lima', '915444333'),
(678, 'Ruth Morales', 'Calle Junín 524, Trujillo', '904333222'),
(679, 'Sebastián Rojas', 'Jr. Grau 625, Arequipa', '993222111'),
(680, 'Liliana Gamarra', 'Av. San Juan 726, Huancayo', '982111000'),
(681, 'Martín Pacheco', 'Calle Libertad 827, Cusco', '971000999'),
(682, 'Flor Vargas', 'Av. Tarapacá 928, Tacna', '960999888'),
(683, 'Julio Chávez', 'Calle Real 129, Ica', '949888777'),
(684, 'Camila Mendoza', 'Av. Bolívar 230, Lima', '938777666'),
(685, 'Antonio Quispe', 'Calle Progreso 331, Arequipa', '927666555'),
(686, 'Yesenia Palma', 'Av. Junín 432, Cusco', '916555444'),
(687, 'Marcos Hidalgo', 'Jr. Unión 533, Chiclayo', '905444333'),
(688, 'Sofía Aguilar', 'Calle Amazonas 634, Piura', '994333222'),
(689, 'Víctor Salazar', 'Av. Tacna 735, Huancayo', '983222111'),
(690, 'Marta Poma', 'Calle Bolognesi 836, Trujillo', '972111000'),
(691, 'Enrique Tapia', 'Av. La Marina 937, Lima', '961000999'),
(692, 'Paula Lozano', 'Jr. Progreso 138, Cusco', '950999888'),
(693, 'Cristóbal Ramos', 'Av. Grau 239, Arequipa', '939888777'),
(694, 'Andrea Silva', 'Calle San Juan 340, Ica', '928777666'),
(695, 'Alonso Castañeda', 'Av. Perú 441, Lima', '917666555'),
(696, 'Maribel Alarcón', 'Calle Central 542, Tacna', '906555444'),
(697, 'Nicolás Villanueva', 'Av. Real 643, Piura', '995444333'),
(698, 'Katherine Soto', 'Calle Ayacucho 744, Trujillo', '984333222'),
(699, 'Raúl Fernández', 'Av. Bolognesi 845, Arequipa', '973222111'),
(700, 'Tatiana Guzmán', 'Calle Principal 946, Cusco', '962111000'),
(701, 'Óscar Lozano', 'Av. El Sol 147, Chiclayo', '951000999'),
(702, 'Valeria Cruz', 'Calle Junín 248, Lima', '940999888'),
(703, 'Carlos Pérez', 'Av. Los Olivos 123, Lima', '987654321'),
(704, 'María López', 'Jr. Las Flores 456, Arequipa', '976543210'),
(705, 'José Ramírez', 'Calle Principal 789, Cusco', '965432109'),
(706, 'Ana Torres', 'Av. El Sol 321, Piura', '954321098'),
(707, 'Luis Fernández', 'Jr. Grau 654, Chiclayo', '943210987'),
(708, 'Carmen Castillo', 'Calle Lima 111, Trujillo', '932109876'),
(709, 'Pedro Sánchez', 'Av. Perú 222, Puno', '921098765'),
(710, 'Laura Vargas', 'Jr. Arequipa 333, Tacna', '910987654'),
(711, 'Ricardo Mendoza', 'Calle San Martín 444, Huancayo', '999888777'),
(712, 'Lucía Rojas', 'Av. Bolívar 555, Ica', '988777666'),
(713, 'Diego Salazar', 'Calle Amazonas 666, Tumbes', '977666555'),
(714, 'Paola Aguilar', 'Jr. Progreso 777, Cajamarca', '966555444'),
(715, 'Andrés Chávez', 'Av. Libertad 888, Lima', '955444333'),
(716, 'Gabriela Muñoz', 'Calle Bolognesi 999, Cusco', '944333222'),
(717, 'Hugo Morales', 'Av. La Marina 123, Piura', '933222111'),
(718, 'Diana Herrera', 'Jr. Tarapacá 234, Chiclayo', '922111000'),
(719, 'Francisco Díaz', 'Calle Junín 345, Huancayo', '911000999'),
(720, 'Rosa Paredes', 'Av. América 456, Trujillo', '900999888'),
(721, 'Javier Castro', 'Jr. Unión 567, Lima', '989888777'),
(722, 'Elena Navarro', 'Calle Ayacucho 678, Arequipa', '978777666'),
(723, 'Miguel Ortega', 'Av. Grau 789, Piura', '967666555'),
(724, 'Patricia Ramos', 'Calle Real 890, Cusco', '956555444'),
(725, 'Alberto Silva', 'Jr. Manco Cápac 135, Lima', '945444333'),
(726, 'Teresa Campos', 'Av. Tacna 246, Huancayo', '934333222'),
(727, 'Rodrigo Vega', 'Calle Libertad 357, Chiclayo', '923222111'),
(728, 'Natalia Cornejo', 'Jr. Amazonas 468, Iquitos', '912111000'),
(729, 'Oscar Flores', 'Av. San Juan 579, Lima', '901000999'),
(730, 'Sandra Cárdenas', 'Calle Arequipa 680, Tacna', '990999888'),
(731, 'Felipe Gutiérrez', 'Av. La Paz 791, Cusco', '979888777'),
(732, 'Vanessa Quispe', 'Jr. Junín 802, Puno', '968777666'),
(733, 'Esteban León', 'Calle Bolívar 913, Ica', '957666555'),
(734, 'Lorena Valdez', 'Av. Principal 102, Tumbes', '946555444'),
(735, 'Gustavo Ponce', 'Jr. Grau 203, Huancayo', '935444333'),
(736, 'Carolina Peña', 'Calle Lima 304, Arequipa', '924333222'),
(737, 'Mauricio Reyes', 'Av. Los Incas 405, Cusco', '913222111'),
(738, 'Isabel Soto', 'Jr. Amazonas 506, Chiclayo', '902111000'),
(739, 'Fernando Arias', 'Calle San Juan 607, Piura', '991000999'),
(740, 'Claudia Delgado', 'Av. Bolognesi 708, Trujillo', '980999888'),
(741, 'Raúl Cabrera', 'Calle Central 809, Lima', '969888777'),
(742, 'Mónica Medina', 'Av. Progreso 910, Tacna', '958777666'),
(743, 'Ángel Hurtado', 'Calle Real 111, Huancayo', '947666555'),
(744, 'Beatriz Ramos', 'Av. Libertad 212, Ica', '936555444'),
(745, 'Cristian Vargas', 'Jr. Unión 313, Cusco', '925444333'),
(746, 'Silvia Lozano', 'Av. Grau 414, Chiclayo', '914333222'),
(747, 'Héctor Torres', 'Calle Junín 515, Piura', '903222111'),
(748, 'Verónica Fuentes', 'Av. América 616, Arequipa', '992111000'),
(749, 'Pablo Carrasco', 'Calle San Martín 717, Lima', '981000999'),
(750, 'Adriana Campos', 'Jr. Ayacucho 818, Cusco', '970999888'),
(751, 'Manuel Ruiz', 'Av. Perú 919, Puno', '959888777'),
(752, 'Alejandra Salas', 'Calle Amazonas 120, Iquitos', '948777666'),
(753, 'Ignacio Bravo', 'Av. Grau 221, Chiclayo', '937666555'),
(754, 'Daniela Herrera', 'Calle Bolognesi 322, Piura', '926555444'),
(755, 'Camilo Peña', 'Av. El Sol 423, Lima', '915444333'),
(756, 'Ruth Morales', 'Calle Junín 524, Trujillo', '904333222'),
(757, 'Sebastián Rojas', 'Jr. Grau 625, Arequipa', '993222111'),
(758, 'Liliana Gamarra', 'Av. San Juan 726, Huancayo', '982111000'),
(759, 'Martín Pacheco', 'Calle Libertad 827, Cusco', '971000999'),
(760, 'Flor Vargas', 'Av. Tarapacá 928, Tacna', '960999888'),
(761, 'Julio Chávez', 'Calle Real 129, Ica', '949888777'),
(762, 'Camila Mendoza', 'Av. Bolívar 230, Lima', '938777666'),
(763, 'Antonio Quispe', 'Calle Progreso 331, Arequipa', '927666555'),
(764, 'Yesenia Palma', 'Av. Junín 432, Cusco', '916555444'),
(765, 'Marcos Hidalgo', 'Jr. Unión 533, Chiclayo', '905444333'),
(766, 'Sofía Aguilar', 'Calle Amazonas 634, Piura', '994333222'),
(767, 'Víctor Salazar', 'Av. Tacna 735, Huancayo', '983222111'),
(768, 'Marta Poma', 'Calle Bolognesi 836, Trujillo', '972111000'),
(769, 'Enrique Tapia', 'Av. La Marina 937, Lima', '961000999'),
(770, 'Paula Lozano', 'Jr. Progreso 138, Cusco', '950999888'),
(771, 'Cristóbal Ramos', 'Av. Grau 239, Arequipa', '939888777'),
(772, 'Andrea Silva', 'Calle San Juan 340, Ica', '928777666'),
(773, 'Alonso Castañeda', 'Av. Perú 441, Lima', '917666555'),
(774, 'Maribel Alarcón', 'Calle Central 542, Tacna', '906555444'),
(775, 'Nicolás Villanueva', 'Av. Real 643, Piura', '995444333'),
(776, 'Katherine Soto', 'Calle Ayacucho 744, Trujillo', '984333222'),
(777, 'Raúl Fernández', 'Av. Bolognesi 845, Arequipa', '973222111'),
(778, 'Tatiana Guzmán', 'Calle Principal 946, Cusco', '962111000'),
(779, 'Óscar Lozano', 'Av. El Sol 147, Chiclayo', '951000999'),
(780, 'Valeria Cruz', 'Calle Junín 248, Lima', '940999888'),
(781, 'Carlos Pérez', 'Av. Los Olivos 123, Lima', '987654321'),
(782, 'María López', 'Jr. Las Flores 456, Arequipa', '976543210'),
(783, 'José Ramírez', 'Calle Principal 789, Cusco', '965432109'),
(784, 'Ana Torres', 'Av. El Sol 321, Piura', '954321098'),
(785, 'Luis Fernández', 'Jr. Grau 654, Chiclayo', '943210987'),
(786, 'Carmen Castillo', 'Calle Lima 111, Trujillo', '932109876'),
(787, 'Pedro Sánchez', 'Av. Perú 222, Puno', '921098765'),
(788, 'Laura Vargas', 'Jr. Arequipa 333, Tacna', '910987654'),
(789, 'Ricardo Mendoza', 'Calle San Martín 444, Huancayo', '999888777'),
(790, 'Lucía Rojas', 'Av. Bolívar 555, Ica', '988777666'),
(791, 'Diego Salazar', 'Calle Amazonas 666, Tumbes', '977666555'),
(792, 'Paola Aguilar', 'Jr. Progreso 777, Cajamarca', '966555444'),
(793, 'Andrés Chávez', 'Av. Libertad 888, Lima', '955444333'),
(794, 'Gabriela Muñoz', 'Calle Bolognesi 999, Cusco', '944333222'),
(795, 'Hugo Morales', 'Av. La Marina 123, Piura', '933222111'),
(796, 'Diana Herrera', 'Jr. Tarapacá 234, Chiclayo', '922111000');
INSERT INTO `cliente` (`IDCliente`, `Nombre`, `Direccion`, `Telefono`) VALUES
(797, 'Francisco Díaz', 'Calle Junín 345 , Huancayo', '911000999'),
(798, 'Rosa Paredes', 'Av. América 456, Trujillo', '900999888'),
(799, 'Javier Castro', 'Jr. Unión 567, Lima', '989888777'),
(800, 'Elena Navarro', 'Calle Ayacucho 678, Arequipa', '978777666'),
(801, 'Miguel Ortega', 'Av. Grau 789, Piura', '967666555'),
(802, 'Patricia Ramos', 'Calle Real 890, Cusco', '956555444'),
(803, 'Alberto Silva', 'Jr. Manco Cápac 135, Lima', '945444333'),
(804, 'Teresa Campos', 'Av. Tacna 246, Huancayo', '934333222'),
(805, 'Rodrigo Vega', 'Calle Libertad 357, Chiclayo', '923222111'),
(806, 'Natalia Cornejo', 'Jr. Amazonas 468, Iquitos', '912111000'),
(807, 'Oscar Flores', 'Av. San Juan 579, Lima', '901000999'),
(808, 'Sandra Cárdenas', 'Calle Arequipa 680, Tacna', '990999888'),
(809, 'Felipe Gutiérrez', 'Av. La Paz 791, Cusco', '979888777'),
(810, 'Vanessa Quispe', 'Jr. Junín 802, Puno', '968777666'),
(811, 'Esteban León', 'Calle Bolívar 913, Ica', '957666555'),
(812, 'Lorena Valdez', 'Av. Principal 102, Tumbes', '946555444'),
(813, 'Gustavo Ponce', 'Jr. Grau 203, Huancayo', '935444333'),
(814, 'Carolina Peña', 'Calle Lima 304, Arequipa', '924333222'),
(815, 'Mauricio Reyes', 'Av. Los Incas 405, Cusco', '913222111'),
(816, 'Isabel Soto', 'Jr. Amazonas 506, Chiclayo', '902111000'),
(817, 'Fernando Arias', 'Calle San Juan 607, Piura', '991000999'),
(818, 'Claudia Delgado', 'Av. Bolognesi 708, Trujillo', '980999888'),
(819, 'Raúl Cabrera', 'Calle Central 809, Lima', '969888777'),
(820, 'Mónica Medina', 'Av. Progreso 910, Tacna', '958777666'),
(821, 'Ángel Hurtado', 'Calle Real 111, Huancayo', '947666555'),
(822, 'Beatriz Ramos', 'Av. Libertad 212, Ica', '936555444'),
(823, 'Cristian Vargas', 'Jr. Unión 313, Cusco', '925444333'),
(824, 'Silvia Lozano', 'Av. Grau 414, Chiclayo', '914333222'),
(825, 'Héctor Torres', 'Calle Junín 515, Piura', '903222111'),
(826, 'Verónica Fuentes', 'Av. América 616, Arequipa', '992111000'),
(827, 'Pablo Carrasco', 'Calle San Martín 717, Lima', '981000999'),
(828, 'Adriana Campos', 'Jr. Ayacucho 818, Cusco', '970999888'),
(829, 'Manuel Ruiz', 'Av. Perú 919, Puno', '959888777'),
(830, 'Alejandra Salas', 'Calle Amazonas 120, Iquitos', '948777666'),
(831, 'Ignacio Bravo', 'Av. Grau 221, Chiclayo', '937666555'),
(832, 'Daniela Herrera', 'Calle Bolognesi 322, Piura', '926555444'),
(833, 'Camilo Peña', 'Av. El Sol 423, Lima', '915444333'),
(834, 'Ruth Morales', 'Calle Junín 524, Trujillo', '904333222'),
(835, 'Sebastián Rojas', 'Jr. Grau 625, Arequipa', '993222111'),
(836, 'Liliana Gamarra', 'Av. San Juan 726, Huancayo', '982111000'),
(837, 'Martín Pacheco', 'Calle Libertad 827, Cusco', '971000999'),
(838, 'Flor Vargas', 'Av. Tarapacá 928, Tacna', '960999888'),
(839, 'Julio Chávez', 'Calle Real 129, Ica', '949888777'),
(840, 'Camila Mendoza', 'Av. Bolívar 230, Lima', '938777666'),
(841, 'Antonio Quispe', 'Calle Progreso 331, Arequipa', '927666555'),
(842, 'Yesenia Palma', 'Av. Junín 432, Cusco', '916555444'),
(843, 'Marcos Hidalgo', 'Jr. Unión 533, Chiclayo', '905444333'),
(844, 'Sofía Aguilar', 'Calle Amazonas 634, Piura', '994333222'),
(845, 'Víctor Salazar', 'Av. Tacna 735, Huancayo', '983222111'),
(846, 'Marta Poma', 'Calle Bolognesi 836, Trujillo', '972111000'),
(847, 'Enrique Tapia', 'Av. La Marina 937, Lima', '961000999'),
(848, 'Paula Lozano', 'Jr. Progreso 138, Cusco', '950999888'),
(849, 'Cristóbal Ramos', 'Av. Grau 239, Arequipa', '939888777'),
(850, 'Andrea Silva', 'Calle San Juan 340, Ica', '928777666'),
(851, 'Alonso Castañeda', 'Av. Perú 441, Lima', '917666555'),
(852, 'Maribel Alarcón', 'Calle Central 542, Tacna', '906555444'),
(853, 'Nicolás Villanueva', 'Av. Real 643, Piura', '995444333'),
(854, 'Katherine Soto', 'Calle Ayacucho 744, Trujillo', '984333222'),
(855, 'Raúl Fernández', 'Av. Bolognesi 845, Arequipa', '973222111'),
(856, 'Tatiana Guzmán', 'Calle Principal 946, Cusco', '962111000'),
(857, 'Óscar Lozano', 'Av. El Sol 147, Chiclayo', '951000999'),
(858, 'Valeria Cruz', 'Calle Junín 248, Lima', '940999888'),
(859, 'Carlos Pérez', 'Av. Los Olivos 123, Lima', '987654321'),
(860, 'María López', 'Jr. Las Flores 456, Arequipa', '976543210'),
(861, 'José Ramírez', 'Calle Principal 789, Cusco', '965432109'),
(862, 'Ana Torres', 'Av. El Sol 321, Piura', '954321098'),
(863, 'Luis Fernández', 'Jr. Grau 654, Chiclayo', '943210987'),
(864, 'Carmen Castillo', 'Calle Lima 111, Trujillo', '932109876'),
(865, 'Pedro Sánchez', 'Av. Perú 222, Puno', '921098765'),
(866, 'Laura Vargas', 'Jr. Arequipa 333, Tacna', '910987654'),
(867, 'Ricardo Mendoza', 'Calle San Martín 444, Huancayo', '999888777'),
(868, 'Lucía Rojas', 'Av. Bolívar 555, Ica', '988777666'),
(869, 'Diego Salazar', 'Calle Amazonas 666, Tumbes', '977666555'),
(870, 'Paola Aguilar', 'Jr. Progreso 777, Cajamarca', '966555444'),
(871, 'Andrés Chávez', 'Av. Libertad 888, Lima', '955444333'),
(872, 'Gabriela Muñoz', 'Calle Bolognesi 999, Cusco', '944333222'),
(873, 'Hugo Morales', 'Av. La Marina 123, Piura', '933222111'),
(874, 'Diana Herrera', 'Jr. Tarapacá 234, Chiclayo', '922111000'),
(875, 'Francisco Díaz', 'Calle Junín 345 , Huancayo', '911000999'),
(876, 'Rosa Paredes', 'Av. América 456, Trujillo', '900999888'),
(877, 'Javier Castro', 'Jr. Unión 567, Lima', '989888777'),
(878, 'Elena Navarro', 'Calle Ayacucho 678, Arequipa', '978777666'),
(879, 'Miguel Ortega', 'Av. Grau 789, Piura', '967666555'),
(880, 'Patricia Ramos', 'Calle Real 890, Cusco', '956555444'),
(881, 'Alberto Silva', 'Jr. Manco Cápac 135, Lima', '945444333'),
(882, 'Teresa Campos', 'Av. Tacna 246, Huancayo', '934333222'),
(883, 'Rodrigo Vega', 'Calle Libertad 357, Chiclayo', '923222111'),
(884, 'Natalia Cornejo', 'Jr. Amazonas 468, Iquitos', '912111000'),
(885, 'Oscar Flores', 'Av. San Juan 579, Lima', '901000999'),
(886, 'Sandra Cárdenas', 'Calle Arequipa 680, Tacna', '990999888'),
(887, 'Felipe Gutiérrez', 'Av. La Paz 791, Cusco', '979888777'),
(888, 'Vanessa Quispe', 'Jr. Junín 802, Puno', '968777666'),
(889, 'Esteban León', 'Calle Bolívar 913, Ica', '957666555'),
(890, 'Lorena Valdez', 'Av. Principal 102, Tumbes', '946555444'),
(891, 'Gustavo Ponce', 'Jr. Grau 203, Huancayo', '935444333'),
(892, 'Carolina Peña', 'Calle Lima 304, Arequipa', '924333222'),
(893, 'Mauricio Reyes', 'Av. Los Incas 405, Cusco', '913222111'),
(894, 'Isabel Soto', 'Jr. Amazonas 506, Chiclayo', '902111000'),
(895, 'Fernando Arias', 'Calle San Juan 607, Piura', '991000999'),
(896, 'Claudia Delgado', 'Av. Bolognesi 708, Trujillo', '980999888'),
(897, 'Raúl Cabrera', 'Calle Central 809, Lima', '969888777'),
(898, 'Mónica Medina', 'Av. Progreso 910, Tacna', '958777666'),
(899, 'Ángel Hurtado', 'Calle Real 111, Huancayo', '947666555'),
(900, 'Beatriz Ramos', 'Av. Libertad 212, Ica', '936555444'),
(901, 'Cristian Vargas', 'Jr. Unión 313, Cusco', '925444333'),
(902, 'Silvia Lozano', 'Av. Grau 414, Chiclayo', '914333222'),
(903, 'Héctor Torres', 'Calle Junín 515, Piura', '903222111'),
(904, 'Verónica Fuentes', 'Av. América 616, Arequipa', '992111000'),
(905, 'Pablo Carrasco', 'Calle San Martín 717, Lima', '981000999'),
(906, 'Adriana Campos', 'Jr. Ayacucho 818, Cusco', '970999888'),
(907, 'Manuel Ruiz', 'Av. Perú 919, Puno', '959888777'),
(908, 'Alejandra Salas', 'Calle Amazonas 120, Iquitos', '948777666'),
(909, 'Ignacio Bravo', 'Av. Grau 221, Chiclayo', '937666555'),
(910, 'Daniela Herrera', 'Calle Bolognesi 322, Piura', '926555444'),
(911, 'Camilo Peña', 'Av. El Sol 423, Lima', '915444333'),
(912, 'Ruth Morales', 'Calle Junín 524, Trujillo', '904333222'),
(913, 'Sebastián Rojas', 'Jr. Grau 625, Arequipa', '993222111'),
(914, 'Liliana Gamarra', 'Av. San Juan 726, Huancayo', '982111000'),
(915, 'Martín Pacheco', 'Calle Libertad 827, Cusco', '971000999'),
(916, 'Flor Vargas', 'Av. Tarapacá 928, Tacna', '960999888'),
(917, 'Julio Chávez', 'Calle Real 129, Ica', '949888777'),
(918, 'Camila Mendoza', 'Av. Bolívar 230, Lima', '938777666'),
(919, 'Antonio Quispe', 'Calle Progreso 331, Arequipa', '927666555'),
(920, 'Yesenia Palma', 'Av. Junín 432, Cusco', '916555444'),
(921, 'Marcos Hidalgo', 'Jr. Unión 533, Chiclayo', '905444333'),
(922, 'Sofía Aguilar', 'Calle Amazonas 634, Piura', '994333222'),
(923, 'Víctor Salazar', 'Av. Tacna 735, Huancayo', '983222111'),
(924, 'Marta Poma', 'Calle Bolognesi 836, Trujillo', '972111000'),
(925, 'Enrique Tapia', 'Av. La Marina 937, Lima', '961000999'),
(926, 'Paula Lozano', 'Jr. Progreso 138, Cusco', '950999888'),
(927, 'Cristóbal Ramos', 'Av. Grau 239, Arequipa', '939888777'),
(928, 'Andrea Silva', 'Calle San Juan 340, Ica', '928777666'),
(929, 'Alonso Castañeda', 'Av. Perú 441, Lima', '917666555'),
(930, 'Maribel Alarcón', 'Calle Central 542, Tacna', '906555444'),
(931, 'Nicolás Villanueva', 'Av. Real 643, Piura', '995444333'),
(932, 'Katherine Soto', 'Calle Ayacucho 744, Trujillo', '984333222'),
(933, 'Raúl Fernández', 'Av. Bolognesi 845, Arequipa', '973222111'),
(934, 'Tatiana Guzmán', 'Calle Principal 946, Cusco', '962111000'),
(935, 'Óscar Lozano', 'Av. El Sol 147, Chiclayo', '951000999'),
(936, 'Valeria Cruz', 'Calle Junín 248, Lima', '940999888');

-- --------------------------------------------------------

--
-- Estructura de tabla para la tabla `detalles`
--

CREATE TABLE `detalles` (
  `IDDetalles` int(11) NOT NULL,
  `IDFactura` int(11) NOT NULL,
  `IDProductos` int(11) NOT NULL,
  `Cantidad` int(11) NOT NULL,
  `Total` decimal(12,2) NOT NULL
) ENGINE=InnoDB DEFAULT CHARSET=utf8mb4 COLLATE=utf8mb4_general_ci;

--
-- Volcado de datos para la tabla `detalles`
--

INSERT INTO `detalles` (`IDDetalles`, `IDFactura`, `IDProductos`, `Cantidad`, `Total`) VALUES
(1, 81, 10, 1, 2500.00),
(2, 82, 25, 2, 3200.00),
(3, 83, 40, 1, 1800.00),
(4, 84, 5, 1, 4500.00),
(5, 85, 50, 2, 600.00),
(6, 86, 12, 1, 850.00),
(7, 87, 18, 3, 1200.00),
(8, 88, 22, 1, 950.00),
(9, 89, 30, 1, 3100.00),
(10, 90, 35, 2, 4000.00),
(11, 91, 55, 1, 1500.00),
(12, 92, 60, 1, 3600.00),
(13, 93, 65, 2, 2100.00),
(14, 94, 70, 1, 900.00),
(15, 95, 75, 1, 2200.00),
(16, 96, 80, 1, 1250.00),
(17, 97, 2, 3, 3400.00),
(18, 98, 7, 2, 2900.00),
(19, 99, 15, 1, 1200.00),
(20, 100, 20, 1, 2500.00),
(21, 101, 28, 1, 1800.00),
(22, 102, 33, 1, 2700.00),
(23, 103, 38, 2, 3800.00),
(24, 104, 44, 1, 700.00),
(25, 105, 48, 1, 6000.00),
(26, 106, 52, 1, 1450.00),
(27, 107, 58, 1, 2800.00),
(28, 108, 62, 2, 2200.00),
(29, 109, 68, 1, 950.00),
(30, 110, 3, 1, 3000.00),
(31, 111, 8, 1, 2100.00),
(32, 112, 13, 1, 1250.00),
(33, 113, 17, 2, 850.00),
(34, 114, 21, 1, 2600.00),
(35, 115, 27, 1, 4200.00),
(36, 116, 32, 1, 3150.00),
(37, 117, 37, 2, 1500.00),
(38, 118, 43, 1, 250.00),
(39, 119, 47, 1, 1750.00),
(40, 120, 53, 1, 2100.00),
(41, 121, 57, 1, 3800.00),
(42, 122, 61, 1, 900.00),
(43, 123, 67, 2, 1200.00),
(44, 124, 4, 1, 3200.00),
(45, 125, 9, 1, 400.00),
(46, 126, 14, 1, 1100.00),
(47, 127, 19, 2, 2400.00),
(48, 128, 24, 1, 2800.00),
(49, 129, 29, 1, 1300.00),
(50, 130, 34, 1, 600.00),
(51, 131, 39, 1, 4500.00),
(52, 132, 45, 1, 950.00),
(53, 133, 49, 1, 850.00),
(54, 134, 54, 1, 1700.00),
(55, 135, 59, 2, 2100.00),
(56, 136, 64, 1, 1900.00),
(57, 137, 69, 1, 2600.00),
(58, 138, 74, 1, 2200.00),
(59, 139, 79, 1, 700.00),
(60, 140, 1, 1, 2800.00),
(61, 141, 6, 2, 3500.00),
(62, 142, 11, 1, 600.00),
(63, 143, 16, 1, 1250.00),
(64, 144, 23, 1, 1400.00),
(65, 145, 26, 1, 2400.00),
(66, 146, 31, 1, 280.00),
(67, 147, 36, 1, 170.00),
(68, 148, 41, 1, 850.00),
(69, 149, 46, 1, 2200.00),
(70, 150, 51, 1, 2500.00),
(71, 151, 56, 1, 219.00),
(72, 152, 63, 1, 160.00),
(73, 153, 71, 1, 170.00),
(74, 154, 76, 1, 200.00),
(75, 155, 72, 1, 1800.00),
(76, 156, 12, 2, 1200.00),
(77, 157, 22, 1, 1500.00),
(78, 158, 32, 1, 2200.00),
(79, 159, 42, 1, 51.00),
(80, 160, 52, 1, 2200.00);

-- --------------------------------------------------------

--
-- Estructura de tabla para la tabla `factura`
--

CREATE TABLE `factura` (
  `IDFactura` int(11) NOT NULL,
  `IDCliente` int(11) NOT NULL,
  `Fecha` date NOT NULL,
  `Total` decimal(12,2) NOT NULL DEFAULT 0.00
) ENGINE=InnoDB DEFAULT CHARSET=utf8mb4 COLLATE=utf8mb4_general_ci;

--
-- Volcado de datos para la tabla `factura`
--

INSERT INTO `factura` (`IDFactura`, `IDCliente`, `Fecha`, `Total`) VALUES
(81, 1, '2025-01-01', 0.00),
(82, 5, '2025-01-02', 0.00),
(83, 10, '2025-01-03', 0.00),
(84, 15, '2025-01-04', 0.00),
(85, 20, '2025-01-05', 0.00),
(86, 25, '2025-01-06', 0.00),
(87, 30, '2025-01-07', 0.00),
(88, 35, '2025-01-08', 0.00),
(89, 40, '2025-01-09', 0.00),
(90, 45, '2025-01-10', 0.00),
(91, 50, '2025-01-11', 0.00),
(92, 55, '2025-01-12', 0.00),
(93, 60, '2025-01-13', 0.00),
(94, 65, '2025-01-14', 0.00),
(95, 70, '2025-01-15', 0.00),
(96, 75, '2025-01-16', 0.00),
(97, 80, '2025-01-17', 0.00),
(98, 2, '2025-01-18', 0.00),
(99, 6, '2025-01-19', 0.00),
(100, 11, '2025-01-20', 0.00),
(101, 16, '2025-01-21', 0.00),
(102, 21, '2025-01-22', 0.00),
(103, 26, '2025-01-23', 0.00),
(104, 31, '2025-01-24', 0.00),
(105, 36, '2025-01-25', 0.00),
(106, 41, '2025-01-26', 0.00),
(107, 46, '2025-01-27', 0.00),
(108, 51, '2025-01-28', 0.00),
(109, 56, '2025-01-29', 0.00),
(110, 61, '2025-01-30', 0.00),
(111, 66, '2025-01-31', 0.00),
(112, 71, '2025-02-01', 0.00),
(113, 76, '2025-02-02', 0.00),
(114, 3, '2025-02-03', 0.00),
(115, 7, '2025-02-04', 0.00),
(116, 12, '2025-02-05', 0.00),
(117, 17, '2025-02-06', 0.00),
(118, 22, '2025-02-07', 0.00),
(119, 27, '2025-02-08', 0.00),
(120, 32, '2025-02-09', 0.00),
(121, 37, '2025-02-10', 0.00),
(122, 42, '2025-02-11', 0.00),
(123, 47, '2025-02-12', 0.00),
(124, 52, '2025-02-13', 0.00),
(125, 57, '2025-02-14', 0.00),
(126, 62, '2025-02-15', 0.00),
(127, 67, '2025-02-16', 0.00),
(128, 72, '2025-02-17', 0.00),
(129, 77, '2025-02-18', 0.00),
(130, 4, '2025-02-19', 0.00),
(131, 8, '2025-02-20', 0.00),
(132, 13, '2025-02-21', 0.00),
(133, 18, '2025-02-22', 0.00),
(134, 23, '2025-02-23', 0.00),
(135, 28, '2025-02-24', 0.00),
(136, 33, '2025-02-25', 0.00),
(137, 38, '2025-02-26', 0.00),
(138, 43, '2025-02-27', 0.00),
(139, 48, '2025-02-28', 0.00),
(140, 53, '2025-03-01', 0.00),
(141, 58, '2025-03-02', 0.00),
(142, 63, '2025-03-03', 0.00),
(143, 68, '2025-03-04', 0.00),
(144, 73, '2025-03-05', 0.00),
(145, 78, '2025-03-06', 0.00),
(146, 9, '2025-03-07', 0.00),
(147, 14, '2025-03-08', 0.00),
(148, 19, '2025-03-09', 0.00),
(149, 24, '2025-03-10', 0.00),
(150, 29, '2025-03-11', 0.00),
(151, 34, '2025-03-12', 0.00),
(152, 39, '2025-03-13', 0.00),
(153, 44, '2025-03-14', 0.00),
(154, 49, '2025-03-15', 0.00),
(155, 54, '2025-03-16', 0.00),
(156, 59, '2025-03-17', 0.00),
(157, 64, '2025-03-18', 0.00),
(158, 69, '2025-03-19', 0.00),
(159, 74, '2025-03-20', 0.00),
(160, 79, '2025-03-21', 0.00),
(161, 1, '2025-01-01', 0.00),
(162, 5, '2025-01-02', 0.00),
(163, 10, '2025-01-03', 0.00),
(164, 15, '2025-01-04', 0.00),
(165, 20, '2025-01-05', 0.00),
(166, 25, '2025-01-06', 0.00),
(167, 30, '2025-01-07', 0.00),
(168, 35, '2025-01-08', 0.00),
(169, 40, '2025-01-09', 0.00),
(170, 45, '2025-01-10', 0.00),
(171, 50, '2025-01-11', 0.00),
(172, 55, '2025-01-12', 0.00),
(173, 60, '2025-01-13', 0.00),
(174, 65, '2025-01-14', 0.00),
(175, 70, '2025-01-15', 0.00),
(176, 75, '2025-01-16', 0.00),
(177, 80, '2025-01-17', 0.00),
(178, 2, '2025-01-18', 0.00),
(179, 6, '2025-01-19', 0.00),
(180, 11, '2025-01-20', 0.00),
(181, 16, '2025-01-21', 0.00),
(182, 21, '2025-01-22', 0.00),
(183, 26, '2025-01-23', 0.00),
(184, 31, '2025-01-24', 0.00),
(185, 36, '2025-01-25', 0.00),
(186, 41, '2025-01-26', 0.00),
(187, 46, '2025-01-27', 0.00),
(188, 51, '2025-01-28', 0.00),
(189, 56, '2025-01-29', 0.00),
(190, 61, '2025-01-30', 0.00),
(191, 66, '2025-01-31', 0.00),
(192, 71, '2025-02-01', 0.00),
(193, 76, '2025-02-02', 0.00),
(194, 3, '2025-02-03', 0.00),
(195, 7, '2025-02-04', 0.00),
(196, 12, '2025-02-05', 0.00),
(197, 17, '2025-02-06', 0.00),
(198, 22, '2025-02-07', 0.00),
(199, 27, '2025-02-08', 0.00),
(200, 32, '2025-02-09', 0.00),
(201, 37, '2025-02-10', 0.00),
(202, 42, '2025-02-11', 0.00),
(203, 47, '2025-02-12', 0.00),
(204, 52, '2025-02-13', 0.00),
(205, 57, '2025-02-14', 0.00),
(206, 62, '2025-02-15', 0.00),
(207, 67, '2025-02-16', 0.00),
(208, 72, '2025-02-17', 0.00),
(209, 77, '2025-02-18', 0.00),
(210, 4, '2025-02-19', 0.00),
(211, 8, '2025-02-20', 0.00),
(212, 13, '2025-02-21', 0.00),
(213, 18, '2025-02-22', 0.00),
(214, 23, '2025-02-23', 0.00),
(215, 28, '2025-02-24', 0.00),
(216, 33, '2025-02-25', 0.00),
(217, 38, '2025-02-26', 0.00),
(218, 43, '2025-02-27', 0.00),
(219, 48, '2025-02-28', 0.00),
(220, 53, '2025-03-01', 0.00),
(221, 58, '2025-03-02', 0.00),
(222, 63, '2025-03-03', 0.00),
(223, 68, '2025-03-04', 0.00),
(224, 73, '2025-03-05', 0.00),
(225, 78, '2025-03-06', 0.00),
(226, 9, '2025-03-07', 0.00),
(227, 14, '2025-03-08', 0.00),
(228, 19, '2025-03-09', 0.00),
(229, 24, '2025-03-10', 0.00),
(230, 29, '2025-03-11', 0.00),
(231, 34, '2025-03-12', 0.00),
(232, 39, '2025-03-13', 0.00),
(233, 44, '2025-03-14', 0.00),
(234, 49, '2025-03-15', 0.00),
(235, 54, '2025-03-16', 0.00),
(236, 59, '2025-03-17', 0.00),
(237, 64, '2025-03-18', 0.00),
(238, 69, '2025-03-19', 0.00),
(239, 74, '2025-03-20', 0.00),
(240, 79, '2025-03-21', 0.00),
(241, 1, '2025-01-01', 0.00),
(242, 5, '2025-01-02', 0.00),
(243, 10, '2025-01-03', 0.00),
(244, 15, '2025-01-04', 0.00),
(245, 20, '2025-01-05', 0.00),
(246, 25, '2025-01-06', 0.00),
(247, 30, '2025-01-07', 0.00),
(248, 35, '2025-01-08', 0.00),
(249, 40, '2025-01-09', 0.00),
(250, 45, '2025-01-10', 0.00),
(251, 50, '2025-01-11', 0.00),
(252, 55, '2025-01-12', 0.00),
(253, 60, '2025-01-13', 0.00),
(254, 65, '2025-01-14', 0.00),
(255, 70, '2025-01-15', 0.00),
(256, 75, '2025-01-16', 0.00),
(257, 80, '2025-01-17', 0.00),
(258, 2, '2025-01-18', 0.00),
(259, 6, '2025-01-19', 0.00),
(260, 11, '2025-01-20', 0.00),
(261, 16, '2025-01-21', 0.00),
(262, 21, '2025-01-22', 0.00),
(263, 26, '2025-01-23', 0.00),
(264, 31, '2025-01-24', 0.00),
(265, 36, '2025-01-25', 0.00),
(266, 41, '2025-01-26', 0.00),
(267, 46, '2025-01-27', 0.00),
(268, 51, '2025-01-28', 0.00),
(269, 56, '2025-01-29', 0.00),
(270, 61, '2025-01-30', 0.00),
(271, 66, '2025-01-31', 0.00),
(272, 71, '2025-02-01', 0.00),
(273, 76, '2025-02-02', 0.00),
(274, 3, '2025-02-03', 0.00),
(275, 7, '2025-02-04', 0.00),
(276, 12, '2025-02-05', 0.00),
(277, 17, '2025-02-06', 0.00),
(278, 22, '2025-02-07', 0.00),
(279, 27, '2025-02-08', 0.00),
(280, 32, '2025-02-09', 0.00),
(281, 37, '2025-02-10', 0.00),
(282, 42, '2025-02-11', 0.00),
(283, 47, '2025-02-12', 0.00),
(284, 52, '2025-02-13', 0.00),
(285, 57, '2025-02-14', 0.00),
(286, 62, '2025-02-15', 0.00),
(287, 67, '2025-02-16', 0.00),
(288, 72, '2025-02-17', 0.00),
(289, 77, '2025-02-18', 0.00),
(290, 4, '2025-02-19', 0.00),
(291, 8, '2025-02-20', 0.00),
(292, 13, '2025-02-21', 0.00),
(293, 18, '2025-02-22', 0.00),
(294, 23, '2025-02-23', 0.00),
(295, 28, '2025-02-24', 0.00),
(296, 33, '2025-02-25', 0.00),
(297, 38, '2025-02-26', 0.00),
(298, 43, '2025-02-27', 0.00),
(299, 48, '2025-02-28', 0.00),
(300, 53, '2025-03-01', 0.00),
(301, 58, '2025-03-02', 0.00),
(302, 63, '2025-03-03', 0.00),
(303, 68, '2025-03-04', 0.00),
(304, 73, '2025-03-05', 0.00),
(305, 78, '2025-03-06', 0.00),
(306, 9, '2025-03-07', 0.00),
(307, 14, '2025-03-08', 0.00),
(308, 19, '2025-03-09', 0.00),
(309, 24, '2025-03-10', 0.00),
(310, 29, '2025-03-11', 0.00),
(311, 34, '2025-03-12', 0.00),
(312, 39, '2025-03-13', 0.00),
(313, 44, '2025-03-14', 0.00),
(314, 49, '2025-03-15', 0.00),
(315, 54, '2025-03-16', 0.00),
(316, 59, '2025-03-17', 0.00),
(317, 64, '2025-03-18', 0.00),
(318, 69, '2025-03-19', 0.00),
(319, 74, '2025-03-20', 0.00),
(320, 79, '2025-03-21', 0.00),
(321, 1, '2025-01-01', 0.00),
(322, 5, '2025-01-02', 0.00),
(323, 10, '2025-01-03', 0.00),
(324, 15, '2025-01-04', 0.00),
(325, 20, '2025-01-05', 0.00),
(326, 25, '2025-01-06', 0.00),
(327, 30, '2025-01-07', 0.00),
(328, 35, '2025-01-08', 0.00),
(329, 40, '2025-01-09', 0.00),
(330, 45, '2025-01-10', 0.00),
(331, 50, '2025-01-11', 0.00),
(332, 55, '2025-01-12', 0.00),
(333, 60, '2025-01-13', 0.00),
(334, 65, '2025-01-14', 0.00),
(335, 70, '2025-01-15', 0.00),
(336, 75, '2025-01-16', 0.00),
(337, 80, '2025-01-17', 0.00),
(338, 2, '2025-01-18', 0.00),
(339, 6, '2025-01-19', 0.00),
(340, 11, '2025-01-20', 0.00),
(341, 16, '2025-01-21', 0.00),
(342, 21, '2025-01-22', 0.00),
(343, 26, '2025-01-23', 0.00),
(344, 31, '2025-01-24', 0.00),
(345, 36, '2025-01-25', 0.00),
(346, 41, '2025-01-26', 0.00),
(347, 46, '2025-01-27', 0.00),
(348, 51, '2025-01-28', 0.00),
(349, 56, '2025-01-29', 0.00),
(350, 61, '2025-01-30', 0.00),
(351, 66, '2025-01-31', 0.00),
(352, 71, '2025-02-01', 0.00),
(353, 76, '2025-02-02', 0.00),
(354, 3, '2025-02-03', 0.00),
(355, 7, '2025-02-04', 0.00),
(356, 12, '2025-02-05', 0.00),
(357, 17, '2025-02-06', 0.00),
(358, 22, '2025-02-07', 0.00),
(359, 27, '2025-02-08', 0.00),
(360, 32, '2025-02-09', 0.00),
(361, 37, '2025-02-10', 0.00),
(362, 42, '2025-02-11', 0.00),
(363, 47, '2025-02-12', 0.00),
(364, 52, '2025-02-13', 0.00),
(365, 57, '2025-02-14', 0.00),
(366, 62, '2025-02-15', 0.00),
(367, 67, '2025-02-16', 0.00),
(368, 72, '2025-02-17', 0.00),
(369, 77, '2025-02-18', 0.00),
(370, 4, '2025-02-19', 0.00),
(371, 8, '2025-02-20', 0.00),
(372, 13, '2025-02-21', 0.00),
(373, 18, '2025-02-22', 0.00),
(374, 23, '2025-02-23', 0.00),
(375, 28, '2025-02-24', 0.00),
(376, 33, '2025-02-25', 0.00),
(377, 38, '2025-02-26', 0.00),
(378, 43, '2025-02-27', 0.00),
(379, 48, '2025-02-28', 0.00),
(380, 53, '2025-03-01', 0.00),
(381, 58, '2025-03-02', 0.00),
(382, 63, '2025-03-03', 0.00),
(383, 68, '2025-03-04', 0.00),
(384, 73, '2025-03-05', 0.00),
(385, 78, '2025-03-06', 0.00),
(386, 9, '2025-03-07', 0.00),
(387, 14, '2025-03-08', 0.00),
(388, 19, '2025-03-09', 0.00),
(389, 24, '2025-03-10', 0.00),
(390, 29, '2025-03-11', 0.00),
(391, 34, '2025-03-12', 0.00),
(392, 39, '2025-03-13', 0.00),
(393, 44, '2025-03-14', 0.00),
(394, 49, '2025-03-15', 0.00),
(395, 54, '2025-03-16', 0.00),
(396, 59, '2025-03-17', 0.00),
(397, 64, '2025-03-18', 0.00),
(398, 69, '2025-03-19', 0.00),
(399, 74, '2025-03-20', 0.00),
(400, 79, '2025-03-21', 0.00),
(401, 1, '2025-01-01', 0.00),
(402, 5, '2025-01-02', 0.00),
(403, 10, '2025-01-03', 0.00),
(404, 15, '2025-01-04', 0.00),
(405, 20, '2025-01-05', 0.00),
(406, 25, '2025-01-06', 0.00),
(407, 30, '2025-01-07', 0.00),
(408, 35, '2025-01-08', 0.00),
(409, 40, '2025-01-09', 0.00),
(410, 45, '2025-01-10', 0.00),
(411, 50, '2025-01-11', 0.00),
(412, 55, '2025-01-12', 0.00),
(413, 60, '2025-01-13', 0.00),
(414, 65, '2025-01-14', 0.00),
(415, 70, '2025-01-15', 0.00),
(416, 75, '2025-01-16', 0.00),
(417, 80, '2025-01-17', 0.00),
(418, 2, '2025-01-18', 0.00),
(419, 6, '2025-01-19', 0.00),
(420, 11, '2025-01-20', 0.00),
(421, 16, '2025-01-21', 0.00),
(422, 21, '2025-01-22', 0.00),
(423, 26, '2025-01-23', 0.00),
(424, 31, '2025-01-24', 0.00),
(425, 36, '2025-01-25', 0.00),
(426, 41, '2025-01-26', 0.00),
(427, 46, '2025-01-27', 0.00),
(428, 51, '2025-01-28', 0.00),
(429, 56, '2025-01-29', 0.00),
(430, 61, '2025-01-30', 0.00),
(431, 66, '2025-01-31', 0.00),
(432, 71, '2025-02-01', 0.00),
(433, 76, '2025-02-02', 0.00),
(434, 3, '2025-02-03', 0.00),
(435, 7, '2025-02-04', 0.00),
(436, 12, '2025-02-05', 0.00),
(437, 17, '2025-02-06', 0.00),
(438, 22, '2025-02-07', 0.00),
(439, 27, '2025-02-08', 0.00),
(440, 32, '2025-02-09', 0.00),
(441, 37, '2025-02-10', 0.00),
(442, 42, '2025-02-11', 0.00),
(443, 47, '2025-02-12', 0.00),
(444, 52, '2025-02-13', 0.00),
(445, 57, '2025-02-14', 0.00),
(446, 62, '2025-02-15', 0.00),
(447, 67, '2025-02-16', 0.00),
(448, 72, '2025-02-17', 0.00),
(449, 77, '2025-02-18', 0.00),
(450, 4, '2025-02-19', 0.00),
(451, 8, '2025-02-20', 0.00),
(452, 13, '2025-02-21', 0.00),
(453, 18, '2025-02-22', 0.00),
(454, 23, '2025-02-23', 0.00),
(455, 28, '2025-02-24', 0.00),
(456, 33, '2025-02-25', 0.00),
(457, 38, '2025-02-26', 0.00),
(458, 43, '2025-02-27', 0.00),
(459, 48, '2025-02-28', 0.00),
(460, 53, '2025-03-01', 0.00),
(461, 58, '2025-03-02', 0.00),
(462, 63, '2025-03-03', 0.00),
(463, 68, '2025-03-04', 0.00),
(464, 73, '2025-03-05', 0.00),
(465, 78, '2025-03-06', 0.00),
(466, 9, '2025-03-07', 0.00),
(467, 14, '2025-03-08', 0.00),
(468, 19, '2025-03-09', 0.00),
(469, 24, '2025-03-10', 0.00),
(470, 29, '2025-03-11', 0.00),
(471, 34, '2025-03-12', 0.00),
(472, 39, '2025-03-13', 0.00),
(473, 44, '2025-03-14', 0.00),
(474, 49, '2025-03-15', 0.00),
(475, 54, '2025-03-16', 0.00),
(476, 59, '2025-03-17', 0.00),
(477, 64, '2025-03-18', 0.00),
(478, 69, '2025-03-19', 0.00),
(479, 74, '2025-03-20', 0.00),
(480, 79, '2025-03-21', 0.00),
(481, 1, '2025-01-01', 0.00),
(482, 5, '2025-01-02', 0.00),
(483, 10, '2025-01-03', 0.00),
(484, 15, '2025-01-04', 0.00),
(485, 20, '2025-01-05', 0.00),
(486, 25, '2025-01-06', 0.00),
(487, 30, '2025-01-07', 0.00),
(488, 35, '2025-01-08', 0.00),
(489, 40, '2025-01-09', 0.00),
(490, 45, '2025-01-10', 0.00),
(491, 50, '2025-01-11', 0.00),
(492, 55, '2025-01-12', 0.00),
(493, 60, '2025-01-13', 0.00),
(494, 65, '2025-01-14', 0.00),
(495, 70, '2025-01-15', 0.00),
(496, 75, '2025-01-16', 0.00),
(497, 80, '2025-01-17', 0.00),
(498, 2, '2025-01-18', 0.00),
(499, 6, '2025-01-19', 0.00),
(500, 11, '2025-01-20', 0.00),
(501, 16, '2025-01-21', 0.00),
(502, 21, '2025-01-22', 0.00),
(503, 26, '2025-01-23', 0.00),
(504, 31, '2025-01-24', 0.00),
(505, 36, '2025-01-25', 0.00),
(506, 41, '2025-01-26', 0.00),
(507, 46, '2025-01-27', 0.00),
(508, 51, '2025-01-28', 0.00),
(509, 56, '2025-01-29', 0.00),
(510, 61, '2025-01-30', 0.00),
(511, 66, '2025-01-31', 0.00),
(512, 71, '2025-02-01', 0.00),
(513, 76, '2025-02-02', 0.00),
(514, 3, '2025-02-03', 0.00),
(515, 7, '2025-02-04', 0.00),
(516, 12, '2025-02-05', 0.00),
(517, 17, '2025-02-06', 0.00),
(518, 22, '2025-02-07', 0.00),
(519, 27, '2025-02-08', 0.00),
(520, 32, '2025-02-09', 0.00),
(521, 37, '2025-02-10', 0.00),
(522, 42, '2025-02-11', 0.00),
(523, 47, '2025-02-12', 0.00),
(524, 52, '2025-02-13', 0.00),
(525, 57, '2025-02-14', 0.00),
(526, 62, '2025-02-15', 0.00),
(527, 67, '2025-02-16', 0.00),
(528, 72, '2025-02-17', 0.00),
(529, 77, '2025-02-18', 0.00),
(530, 4, '2025-02-19', 0.00),
(531, 8, '2025-02-20', 0.00),
(532, 13, '2025-02-21', 0.00),
(533, 18, '2025-02-22', 0.00),
(534, 23, '2025-02-23', 0.00),
(535, 28, '2025-02-24', 0.00),
(536, 33, '2025-02-25', 0.00),
(537, 38, '2025-02-26', 0.00),
(538, 43, '2025-02-27', 0.00),
(539, 48, '2025-02-28', 0.00),
(540, 53, '2025-03-01', 0.00),
(541, 58, '2025-03-02', 0.00),
(542, 63, '2025-03-03', 0.00),
(543, 68, '2025-03-04', 0.00),
(544, 73, '2025-03-05', 0.00),
(545, 78, '2025-03-06', 0.00),
(546, 9, '2025-03-07', 0.00),
(547, 14, '2025-03-08', 0.00),
(548, 19, '2025-03-09', 0.00),
(549, 24, '2025-03-10', 0.00),
(550, 29, '2025-03-11', 0.00),
(551, 34, '2025-03-12', 0.00),
(552, 39, '2025-03-13', 0.00),
(553, 44, '2025-03-14', 0.00),
(554, 49, '2025-03-15', 0.00),
(555, 54, '2025-03-16', 0.00),
(556, 59, '2025-03-17', 0.00),
(557, 64, '2025-03-18', 0.00),
(558, 69, '2025-03-19', 0.00),
(559, 74, '2025-03-20', 0.00),
(560, 79, '2025-03-21', 0.00),
(561, 1, '2025-01-01', 0.00),
(562, 5, '2025-01-02', 0.00),
(563, 10, '2025-01-03', 0.00),
(564, 15, '2025-01-04', 0.00),
(565, 20, '2025-01-05', 0.00),
(566, 25, '2025-01-06', 0.00),
(567, 30, '2025-01-07', 0.00),
(568, 35, '2025-01-08', 0.00),
(569, 40, '2025-01-09', 0.00),
(570, 45, '2025-01-10', 0.00),
(571, 50, '2025-01-11', 0.00),
(572, 55, '2025-01-12', 0.00),
(573, 60, '2025-01-13', 0.00),
(574, 65, '2025-01-14', 0.00),
(575, 70, '2025-01-15', 0.00),
(576, 75, '2025-01-16', 0.00),
(577, 80, '2025-01-17', 0.00),
(578, 2, '2025-01-18', 0.00),
(579, 6, '2025-01-19', 0.00),
(580, 11, '2025-01-20', 0.00),
(581, 16, '2025-01-21', 0.00),
(582, 21, '2025-01-22', 0.00),
(583, 26, '2025-01-23', 0.00),
(584, 31, '2025-01-24', 0.00),
(585, 36, '2025-01-25', 0.00),
(586, 41, '2025-01-26', 0.00),
(587, 46, '2025-01-27', 0.00),
(588, 51, '2025-01-28', 0.00),
(589, 56, '2025-01-29', 0.00),
(590, 61, '2025-01-30', 0.00),
(591, 66, '2025-01-31', 0.00),
(592, 71, '2025-02-01', 0.00),
(593, 76, '2025-02-02', 0.00),
(594, 3, '2025-02-03', 0.00),
(595, 7, '2025-02-04', 0.00),
(596, 12, '2025-02-05', 0.00),
(597, 17, '2025-02-06', 0.00),
(598, 22, '2025-02-07', 0.00),
(599, 27, '2025-02-08', 0.00),
(600, 32, '2025-02-09', 0.00),
(601, 37, '2025-02-10', 0.00),
(602, 42, '2025-02-11', 0.00),
(603, 47, '2025-02-12', 0.00),
(604, 52, '2025-02-13', 0.00),
(605, 57, '2025-02-14', 0.00),
(606, 62, '2025-02-15', 0.00),
(607, 67, '2025-02-16', 0.00),
(608, 72, '2025-02-17', 0.00),
(609, 77, '2025-02-18', 0.00),
(610, 4, '2025-02-19', 0.00),
(611, 8, '2025-02-20', 0.00),
(612, 13, '2025-02-21', 0.00),
(613, 18, '2025-02-22', 0.00),
(614, 23, '2025-02-23', 0.00),
(615, 28, '2025-02-24', 0.00),
(616, 33, '2025-02-25', 0.00),
(617, 38, '2025-02-26', 0.00),
(618, 43, '2025-02-27', 0.00),
(619, 48, '2025-02-28', 0.00),
(620, 53, '2025-03-01', 0.00),
(621, 58, '2025-03-02', 0.00),
(622, 63, '2025-03-03', 0.00),
(623, 68, '2025-03-04', 0.00),
(624, 73, '2025-03-05', 0.00),
(625, 78, '2025-03-06', 0.00),
(626, 9, '2025-03-07', 0.00),
(627, 14, '2025-03-08', 0.00),
(628, 19, '2025-03-09', 0.00),
(629, 24, '2025-03-10', 0.00),
(630, 29, '2025-03-11', 0.00),
(631, 34, '2025-03-12', 0.00),
(632, 39, '2025-03-13', 0.00),
(633, 44, '2025-03-14', 0.00),
(634, 49, '2025-03-15', 0.00),
(635, 54, '2025-03-16', 0.00),
(636, 59, '2025-03-17', 0.00),
(637, 64, '2025-03-18', 0.00),
(638, 69, '2025-03-19', 0.00),
(639, 74, '2025-03-20', 0.00),
(640, 79, '2025-03-21', 0.00),
(641, 1, '2025-01-01', 0.00),
(642, 5, '2025-01-02', 0.00),
(643, 10, '2025-01-03', 0.00),
(644, 15, '2025-01-04', 0.00),
(645, 20, '2025-01-05', 0.00),
(646, 25, '2025-01-06', 0.00),
(647, 30, '2025-01-07', 0.00),
(648, 35, '2025-01-08', 0.00),
(649, 40, '2025-01-09', 0.00),
(650, 45, '2025-01-10', 0.00),
(651, 50, '2025-01-11', 0.00),
(652, 55, '2025-01-12', 0.00),
(653, 60, '2025-01-13', 0.00),
(654, 65, '2025-01-14', 0.00),
(655, 70, '2025-01-15', 0.00),
(656, 75, '2025-01-16', 0.00),
(657, 80, '2025-01-17', 0.00),
(658, 2, '2025-01-18', 0.00),
(659, 6, '2025-01-19', 0.00),
(660, 11, '2025-01-20', 0.00),
(661, 16, '2025-01-21', 0.00),
(662, 21, '2025-01-22', 0.00),
(663, 26, '2025-01-23', 0.00),
(664, 31, '2025-01-24', 0.00),
(665, 36, '2025-01-25', 0.00),
(666, 41, '2025-01-26', 0.00),
(667, 46, '2025-01-27', 0.00),
(668, 51, '2025-01-28', 0.00),
(669, 56, '2025-01-29', 0.00),
(670, 61, '2025-01-30', 0.00),
(671, 66, '2025-01-31', 0.00),
(672, 71, '2025-02-01', 0.00),
(673, 76, '2025-02-02', 0.00),
(674, 3, '2025-02-03', 0.00),
(675, 7, '2025-02-04', 0.00),
(676, 12, '2025-02-05', 0.00),
(677, 17, '2025-02-06', 0.00),
(678, 22, '2025-02-07', 0.00),
(679, 27, '2025-02-08', 0.00),
(680, 32, '2025-02-09', 0.00),
(681, 37, '2025-02-10', 0.00),
(682, 42, '2025-02-11', 0.00),
(683, 47, '2025-02-12', 0.00),
(684, 52, '2025-02-13', 0.00),
(685, 57, '2025-02-14', 0.00),
(686, 62, '2025-02-15', 0.00),
(687, 67, '2025-02-16', 0.00),
(688, 72, '2025-02-17', 0.00),
(689, 77, '2025-02-18', 0.00),
(690, 4, '2025-02-19', 0.00),
(691, 8, '2025-02-20', 0.00),
(692, 13, '2025-02-21', 0.00),
(693, 18, '2025-02-22', 0.00),
(694, 23, '2025-02-23', 0.00),
(695, 28, '2025-02-24', 0.00),
(696, 33, '2025-02-25', 0.00),
(697, 38, '2025-02-26', 0.00),
(698, 43, '2025-02-27', 0.00),
(699, 48, '2025-02-28', 0.00),
(700, 53, '2025-03-01', 0.00),
(701, 58, '2025-03-02', 0.00),
(702, 63, '2025-03-03', 0.00),
(703, 68, '2025-03-04', 0.00),
(704, 73, '2025-03-05', 0.00),
(705, 78, '2025-03-06', 0.00),
(706, 9, '2025-03-07', 0.00),
(707, 14, '2025-03-08', 0.00),
(708, 19, '2025-03-09', 0.00),
(709, 24, '2025-03-10', 0.00),
(710, 29, '2025-03-11', 0.00),
(711, 34, '2025-03-12', 0.00),
(712, 39, '2025-03-13', 0.00),
(713, 44, '2025-03-14', 0.00),
(714, 49, '2025-03-15', 0.00),
(715, 54, '2025-03-16', 0.00),
(716, 59, '2025-03-17', 0.00),
(717, 64, '2025-03-18', 0.00),
(718, 69, '2025-03-19', 0.00),
(719, 74, '2025-03-20', 0.00),
(720, 79, '2025-03-21', 0.00),
(721, 1, '2025-01-01', 2500.00),
(722, 2, '2025-01-02', 3200.00),
(723, 3, '2025-01-03', 1800.00),
(724, 4, '2025-01-04', 4500.00),
(725, 5, '2025-01-05', 600.00),
(726, 6, '2025-01-06', 850.00),
(727, 7, '2025-01-07', 1200.00),
(728, 8, '2025-01-08', 950.00),
(729, 9, '2025-01-09', 3100.00),
(730, 10, '2025-01-10', 4000.00),
(731, 11, '2025-01-11', 1500.00),
(732, 12, '2025-01-12', 3600.00),
(733, 13, '2025-01-13', 2100.00),
(734, 14, '2025-01-14', 900.00),
(735, 15, '2025-01-15', 2200.00),
(736, 16, '2025-01-16', 1250.00),
(737, 17, '2025-01-17', 3400.00),
(738, 18, '2025-01-18', 2900.00),
(739, 19, '2025-01-19', 1200.00),
(740, 20, '2025-01-20', 2500.00),
(741, 21, '2025-01-21', 1800.00),
(742, 22, '2025-01-22', 2700.00),
(743, 23, '2025-01-23', 3800.00),
(744, 24, '2025-01-24', 700.00),
(745, 25, '2025-01-25', 6000.00),
(746, 26, '2025-01-26', 1450.00),
(747, 27, '2025-01-27', 2800.00),
(748, 28, '2025-01-28', 2200.00),
(749, 29, '2025-01-29', 950.00),
(750, 30, '2025-01-30', 3000.00),
(751, 31, '2025-01-31', 2100.00),
(752, 32, '2025-02-01', 1250.00),
(753, 33, '2025-02-02', 850.00),
(754, 34, '2025-02-03', 2600.00),
(755, 35, '2025-02-04', 4200.00),
(756, 36, '2025-02-05', 3150.00),
(757, 37, '2025-02-06', 1500.00),
(758, 38, '2025-02-07', 250.00),
(759, 39, '2025-02-08', 1750.00),
(760, 40, '2025-02-09', 2100.00),
(761, 41, '2025-02-10', 3800.00),
(762, 42, '2025-02-11', 900.00),
(763, 43, '2025-02-12', 1200.00),
(764, 44, '2025-02-13', 3200.00),
(765, 45, '2025-02-14', 400.00),
(766, 46, '2025-02-15', 1100.00),
(767, 47, '2025-02-16', 2400.00),
(768, 48, '2025-02-17', 2800.00),
(769, 49, '2025-02-18', 1300.00),
(770, 50, '2025-02-19', 600.00),
(771, 51, '2025-02-20', 4500.00),
(772, 52, '2025-02-21', 950.00),
(773, 53, '2025-02-22', 850.00),
(774, 54, '2025-02-23', 1700.00),
(775, 55, '2025-02-24', 2100.00),
(776, 56, '2025-02-25', 1900.00),
(777, 57, '2025-02-26', 2600.00),
(778, 58, '2025-02-27', 2200.00),
(779, 59, '2025-02-28', 700.00),
(780, 60, '2025-03-01', 2800.00),
(781, 61, '2025-03-02', 3500.00),
(782, 62, '2025-03-03', 600.00),
(783, 63, '2025-03-04', 1250.00),
(784, 64, '2025-03-05', 1400.00),
(785, 65, '2025-03-06', 2400.00),
(786, 66, '2025-03-07', 280.00),
(787, 67, '2025-03-08', 170.00),
(788, 68, '2025-03-09', 850.00),
(789, 69, '2025-03-10', 2200.00),
(790, 70, '2025-03-11', 2500.00),
(791, 71, '2025-03-12', 219.00),
(792, 72, '2025-03-13', 160.00),
(793, 73, '2025-03-14', 170.00),
(794, 74, '2025-03-15', 200.00),
(795, 75, '2025-03-16', 1800.00),
(796, 76, '2025-03-17', 1200.00),
(797, 77, '2025-03-18', 1500.00),
(798, 78, '2025-03-19', 2200.00),
(799, 79, '2025-03-20', 51.00),
(800, 80, '2025-03-21', 2200.00);

-- --------------------------------------------------------

--
-- Estructura de tabla para la tabla `producto`
--

CREATE TABLE `producto` (
  `IDProductos` int(11) NOT NULL,
  `Nombre` varchar(100) NOT NULL,
  `PrecioVenta` decimal(10,2) NOT NULL
) ENGINE=InnoDB DEFAULT CHARSET=utf8mb4 COLLATE=utf8mb4_general_ci;

--
-- Volcado de datos para la tabla `producto`
--

INSERT INTO `producto` (`IDProductos`, `Nombre`, `PrecioVenta`) VALUES
(1, 'Laptop HP 15\"', 2500.00),
(2, 'Mouse Logitech', 80.00),
(3, 'Teclado Redragon', 150.00),
(4, 'Monitor Samsung 24\"', 850.00),
(5, 'Impresora Epson L3150', 1100.00),
(6, 'Disco Duro Externo 1TB', 250.00),
(7, 'Memoria USB 32GB', 35.00),
(8, 'Router TP-Link', 120.00),
(9, 'Parlantes JBL', 300.00),
(10, 'Auriculares Sony', 180.00),
(11, 'Silla Gamer Cougar', 950.00),
(12, 'Escritorio de Oficina', 600.00),
(13, 'Cámara Web Logitech', 200.00),
(14, 'Proyector Epson', 1900.00),
(15, 'Tablet Samsung Galaxy', 1300.00),
(16, 'Smartphone iPhone 13', 3800.00),
(17, 'Smartwatch Xiaomi', 450.00),
(18, 'Cargador Universal', 60.00),
(19, 'Cable HDMI', 25.00),
(20, 'TV LG 55\"', 3200.00),
(21, 'Refrigeradora LG', 2400.00),
(22, 'Cocina Indurama', 1500.00),
(23, 'Horno Microondas Samsung', 700.00),
(24, 'Lavadora Samsung', 2800.00),
(25, 'Ventilador Imaco', 150.00),
(26, 'Licuadora Oster', 280.00),
(27, 'Batidora Philips', 350.00),
(28, 'Plancha Electrolux', 200.00),
(29, 'Aspiradora LG', 1100.00),
(30, 'Cafetera Oster', 300.00),
(31, 'Consola PlayStation 5', 4000.00),
(32, 'Consola Xbox Series X', 3500.00),
(33, 'Nintendo Switch', 2200.00),
(34, 'Juego FIFA 25', 350.00),
(35, 'Juego Call of Duty', 400.00),
(36, 'Juego Mario Kart', 300.00),
(37, 'Auriculares HyperX', 280.00),
(38, 'Teclado Mecánico Razer', 600.00),
(39, 'Mouse Gamer Corsair', 250.00),
(40, 'Pad Mouse RGB', 90.00),
(41, 'Case Gamer Cooler Master', 850.00),
(42, 'Fuente de Poder EVGA 650W', 450.00),
(43, 'Tarjeta de Video RTX 4060', 2800.00),
(44, 'Procesador Intel i7', 1500.00),
(45, 'Procesador AMD Ryzen 7', 1400.00),
(46, 'Placa Madre ASUS', 1200.00),
(47, 'Memoria RAM 16GB', 450.00),
(48, 'SSD 512GB', 400.00),
(49, 'Disco Duro 2TB', 350.00),
(50, 'Smartphone Samsung S23', 4200.00),
(51, 'Smartphone Xiaomi 12', 2200.00),
(52, 'Smartphone Motorola G60', 1200.00),
(53, 'Tablet iPad Air', 3500.00),
(54, 'Kindle Paperwhite', 700.00),
(55, 'Smart TV Samsung 65\"', 4500.00),
(56, 'Smartwatch Samsung', 700.00),
(57, 'Smartwatch Apple Watch', 2200.00),
(58, 'Cámara Canon EOS', 3800.00),
(59, 'Cámara Nikon D5600', 3600.00),
(60, 'Lente Canon 50mm', 1200.00),
(61, 'Trípode Fotográfico', 300.00),
(62, 'Drone DJI Mini 3', 4800.00),
(63, 'GoPro Hero 11', 2200.00),
(64, 'Impresora 3D Creality', 2500.00),
(65, 'Scanner Epson', 1400.00),
(66, 'Router ASUS Gamer', 950.00),
(67, 'Parlantes Bose', 2000.00),
(68, 'Barra de Sonido LG', 1500.00),
(69, 'Subwoofer Pioneer', 1300.00),
(70, 'Micrófono Blue Yeti', 800.00),
(71, 'Micrófono Shure SM7B', 2500.00),
(72, 'Consola de Audio Behringer', 1800.00),
(73, 'Guitarra Eléctrica Fender', 3200.00),
(74, 'Bajo Yamaha', 2800.00),
(75, 'Batería Acústica Pearl', 6000.00),
(76, 'Teclado Musical Casio', 2000.00),
(77, 'Violín Stradivarius Replica', 4500.00),
(78, 'Saxofón Yamaha', 3800.00),
(79, 'Laptop HP 15\"', 2500.00),
(80, 'Mouse Logitech', 80.00),
(81, 'Teclado Redragon', 150.00),
(82, 'Monitor Samsung 24\"', 850.00),
(83, 'Impresora Epson L3150', 1100.00),
(84, 'Disco Duro Externo 1TB', 250.00),
(85, 'Memoria USB 32GB', 35.00),
(86, 'Router TP-Link', 120.00),
(87, 'Parlantes JBL', 300.00),
(88, 'Auriculares Sony', 180.00),
(89, 'Silla Gamer Cougar', 950.00),
(90, 'Escritorio de Oficina', 600.00),
(91, 'Cámara Web Logitech', 200.00),
(92, 'Proyector Epson', 1900.00),
(93, 'Tablet Samsung Galaxy', 1300.00),
(94, 'Smartphone iPhone 13', 3800.00),
(95, 'Smartwatch Xiaomi', 450.00),
(96, 'Cargador Universal', 60.00),
(97, 'Cable HDMI', 25.00),
(98, 'TV LG 55\"', 3200.00),
(99, 'Refrigeradora LG', 2400.00),
(100, 'Cocina Indurama', 1500.00),
(101, 'Horno Microondas Samsung', 700.00),
(102, 'Lavadora Samsung', 2800.00),
(103, 'Ventilador Imaco', 150.00),
(104, 'Licuadora Oster', 280.00),
(105, 'Batidora Philips', 350.00),
(106, 'Plancha Electrolux', 200.00),
(107, 'Aspiradora LG', 1100.00),
(108, 'Cafetera Oster', 300.00),
(109, 'Consola PlayStation 5', 4000.00),
(110, 'Consola Xbox Series X', 3500.00),
(111, 'Nintendo Switch', 2200.00),
(112, 'Juego FIFA 25', 350.00),
(113, 'Juego Call of Duty', 400.00),
(114, 'Juego Mario Kart', 300.00),
(115, 'Auriculares HyperX', 280.00),
(116, 'Teclado Mecánico Razer', 600.00),
(117, 'Mouse Gamer Corsair', 250.00),
(118, 'Pad Mouse RGB', 90.00),
(119, 'Case Gamer Cooler Master', 850.00),
(120, 'Fuente de Poder EVGA 650W', 450.00),
(121, 'Tarjeta de Video RTX 4060', 2800.00),
(122, 'Procesador Intel i7', 1500.00),
(123, 'Procesador AMD Ryzen 7', 1400.00),
(124, 'Placa Madre ASUS', 1200.00),
(125, 'Memoria RAM 16GB', 450.00),
(126, 'SSD 512GB', 400.00),
(127, 'Disco Duro 2TB', 350.00),
(128, 'Smartphone Samsung S23', 4200.00),
(129, 'Smartphone Xiaomi 12', 2200.00),
(130, 'Smartphone Motorola G60', 1200.00),
(131, 'Tablet iPad Air', 3500.00),
(132, 'Kindle Paperwhite', 700.00),
(133, 'Smart TV Samsung 65\"', 4500.00),
(134, 'Smartwatch Samsung', 700.00),
(135, 'Smartwatch Apple Watch', 2200.00),
(136, 'Cámara Canon EOS', 3800.00),
(137, 'Cámara Nikon D5600', 3600.00),
(138, 'Lente Canon 50mm', 1200.00),
(139, 'Trípode Fotográfico', 300.00),
(140, 'Drone DJI Mini 3', 4800.00),
(141, 'GoPro Hero 11', 2200.00),
(142, 'Impresora 3D Creality', 2500.00),
(143, 'Scanner Epson', 1400.00),
(144, 'Router ASUS Gamer', 950.00),
(145, 'Parlantes Bose', 2000.00),
(146, 'Barra de Sonido LG', 1500.00),
(147, 'Subwoofer Pioneer', 1300.00),
(148, 'Micrófono Blue Yeti', 800.00),
(149, 'Micrófono Shure SM7B', 2500.00),
(150, 'Consola de Audio Behringer', 1800.00),
(151, 'Guitarra Eléctrica Fender', 3200.00),
(152, 'Bajo Yamaha', 2800.00),
(153, 'Batería Acústica Pearl', 6000.00),
(154, 'Teclado Musical Casio', 2000.00),
(155, 'Violín Stradivarius Replica', 4500.00),
(156, 'Saxofón Yamaha', 3800.00),
(157, 'Laptop HP 15\"', 2500.00),
(158, 'Mouse Logitech', 80.00),
(159, 'Teclado Redragon', 150.00),
(160, 'Monitor Samsung 24\"', 850.00),
(161, 'Impresora Epson L3150', 1100.00),
(162, 'Disco Duro Externo 1TB', 250.00),
(163, 'Memoria USB 32GB', 35.00),
(164, 'Router TP-Link', 120.00),
(165, 'Parlantes JBL', 300.00),
(166, 'Auriculares Sony', 180.00),
(167, 'Silla Gamer Cougar', 950.00),
(168, 'Escritorio de Oficina', 600.00),
(169, 'Cámara Web Logitech', 200.00),
(170, 'Proyector Epson', 1900.00),
(171, 'Tablet Samsung Galaxy', 1300.00),
(172, 'Smartphone iPhone 13', 3800.00),
(173, 'Smartwatch Xiaomi', 450.00),
(174, 'Cargador Universal', 60.00),
(175, 'Cable HDMI', 25.00),
(176, 'TV LG 55\"', 3200.00),
(177, 'Refrigeradora LG', 2400.00),
(178, 'Cocina Indurama', 1500.00),
(179, 'Horno Microondas Samsung', 700.00),
(180, 'Lavadora Samsung', 2800.00),
(181, 'Ventilador Imaco', 150.00),
(182, 'Licuadora Oster', 280.00),
(183, 'Batidora Philips', 350.00),
(184, 'Plancha Electrolux', 200.00),
(185, 'Aspiradora LG', 1100.00),
(186, 'Cafetera Oster', 300.00),
(187, 'Consola PlayStation 5', 4000.00),
(188, 'Consola Xbox Series X', 3500.00),
(189, 'Nintendo Switch', 2200.00),
(190, 'Juego FIFA 25', 350.00),
(191, 'Juego Call of Duty', 400.00),
(192, 'Juego Mario Kart', 300.00),
(193, 'Auriculares HyperX', 280.00),
(194, 'Teclado Mecánico Razer', 600.00),
(195, 'Mouse Gamer Corsair', 250.00),
(196, 'Pad Mouse RGB', 90.00),
(197, 'Case Gamer Cooler Master', 850.00),
(198, 'Fuente de Poder EVGA 650W', 450.00),
(199, 'Tarjeta de Video RTX 4060', 2800.00),
(200, 'Procesador Intel i7', 1500.00),
(201, 'Procesador AMD Ryzen 7', 1400.00),
(202, 'Placa Madre ASUS', 1200.00),
(203, 'Memoria RAM 16GB', 450.00),
(204, 'SSD 512GB', 400.00),
(205, 'Disco Duro 2TB', 350.00),
(206, 'Smartphone Samsung S23', 4200.00),
(207, 'Smartphone Xiaomi 12', 2200.00),
(208, 'Smartphone Motorola G60', 1200.00),
(209, 'Tablet iPad Air', 3500.00),
(210, 'Kindle Paperwhite', 700.00),
(211, 'Smart TV Samsung 65\"', 4500.00),
(212, 'Smartwatch Samsung', 700.00),
(213, 'Smartwatch Apple Watch', 2200.00),
(214, 'Cámara Canon EOS', 3800.00),
(215, 'Cámara Nikon D5600', 3600.00),
(216, 'Lente Canon 50mm', 1200.00),
(217, 'Trípode Fotográfico', 300.00),
(218, 'Drone DJI Mini 3', 4800.00),
(219, 'GoPro Hero 11', 2200.00),
(220, 'Impresora 3D Creality', 2500.00),
(221, 'Scanner Epson', 1400.00),
(222, 'Router ASUS Gamer', 950.00),
(223, 'Parlantes Bose', 2000.00),
(224, 'Barra de Sonido LG', 1500.00),
(225, 'Subwoofer Pioneer', 1300.00),
(226, 'Micrófono Blue Yeti', 800.00),
(227, 'Micrófono Shure SM7B', 2500.00),
(228, 'Consola de Audio Behringer', 1800.00),
(229, 'Guitarra Eléctrica Fender', 3200.00),
(230, 'Bajo Yamaha', 2800.00),
(231, 'Batería Acústica Pearl', 6000.00),
(232, 'Teclado Musical Casio', 2000.00),
(233, 'Violín Stradivarius Replica', 4500.00),
(234, 'Saxofón Yamaha', 3800.00),
(235, 'Laptop HP 15\"', 2500.00),
(236, 'Mouse Logitech', 80.00),
(237, 'Teclado Redragon', 150.00),
(238, 'Monitor Samsung 24\"', 850.00),
(239, 'Impresora Epson L3150', 1100.00),
(240, 'Disco Duro Externo 1TB', 250.00),
(241, 'Memoria USB 32GB', 35.00),
(242, 'Router TP-Link', 120.00),
(243, 'Parlantes JBL', 300.00),
(244, 'Auriculares Sony', 180.00),
(245, 'Silla Gamer Cougar', 950.00),
(246, 'Escritorio de Oficina', 600.00),
(247, 'Cámara Web Logitech', 200.00),
(248, 'Proyector Epson', 1900.00),
(249, 'Tablet Samsung Galaxy', 1300.00),
(250, 'Smartphone iPhone 13', 3800.00),
(251, 'Smartwatch Xiaomi', 450.00),
(252, 'Cargador Universal', 60.00),
(253, 'Cable HDMI', 25.00),
(254, 'TV LG 55\"', 3200.00),
(255, 'Refrigeradora LG', 2400.00),
(256, 'Cocina Indurama', 1500.00),
(257, 'Horno Microondas Samsung', 700.00),
(258, 'Lavadora Samsung', 2800.00),
(259, 'Ventilador Imaco', 150.00),
(260, 'Licuadora Oster', 280.00),
(261, 'Batidora Philips', 350.00),
(262, 'Plancha Electrolux', 200.00),
(263, 'Aspiradora LG', 1100.00),
(264, 'Cafetera Oster', 300.00),
(265, 'Consola PlayStation 5', 4000.00),
(266, 'Consola Xbox Series X', 3500.00),
(267, 'Nintendo Switch', 2200.00),
(268, 'Juego FIFA 25', 350.00),
(269, 'Juego Call of Duty', 400.00),
(270, 'Juego Mario Kart', 300.00),
(271, 'Auriculares HyperX', 280.00),
(272, 'Teclado Mecánico Razer', 600.00),
(273, 'Mouse Gamer Corsair', 250.00),
(274, 'Pad Mouse RGB', 90.00),
(275, 'Case Gamer Cooler Master', 850.00),
(276, 'Fuente de Poder EVGA 650W', 450.00),
(277, 'Tarjeta de Video RTX 4060', 2800.00),
(278, 'Procesador Intel i7', 1500.00),
(279, 'Procesador AMD Ryzen 7', 1400.00),
(280, 'Placa Madre ASUS', 1200.00),
(281, 'Memoria RAM 16GB', 450.00),
(282, 'SSD 512GB', 400.00),
(283, 'Disco Duro 2TB', 350.00),
(284, 'Smartphone Samsung S23', 4200.00),
(285, 'Smartphone Xiaomi 12', 2200.00),
(286, 'Smartphone Motorola G60', 1200.00),
(287, 'Tablet iPad Air', 3500.00),
(288, 'Kindle Paperwhite', 700.00),
(289, 'Smart TV Samsung 65\"', 4500.00),
(290, 'Smartwatch Samsung', 700.00),
(291, 'Smartwatch Apple Watch', 2200.00),
(292, 'Cámara Canon EOS', 3800.00),
(293, 'Cámara Nikon D5600', 3600.00),
(294, 'Lente Canon 50mm', 1200.00),
(295, 'Trípode Fotográfico', 300.00),
(296, 'Drone DJI Mini 3', 4800.00),
(297, 'GoPro Hero 11', 2200.00),
(298, 'Impresora 3D Creality', 2500.00),
(299, 'Scanner Epson', 1400.00),
(300, 'Router ASUS Gamer', 950.00),
(301, 'Parlantes Bose', 2000.00),
(302, 'Barra de Sonido LG', 1500.00),
(303, 'Subwoofer Pioneer', 1300.00),
(304, 'Micrófono Blue Yeti', 800.00),
(305, 'Micrófono Shure SM7B', 2500.00),
(306, 'Consola de Audio Behringer', 1800.00),
(307, 'Guitarra Eléctrica Fender', 3200.00),
(308, 'Bajo Yamaha', 2800.00),
(309, 'Batería Acústica Pearl', 6000.00),
(310, 'Teclado Musical Casio', 2000.00),
(311, 'Violín Stradivarius Replica', 4500.00),
(312, 'Saxofón Yamaha', 3800.00),
(313, 'Laptop HP 15\"', 2500.00),
(314, 'Mouse Logitech', 80.00),
(315, 'Teclado Redragon', 150.00),
(316, 'Monitor Samsung 24\"', 850.00),
(317, 'Impresora Epson L3150', 1100.00),
(318, 'Disco Duro Externo 1TB', 250.00),
(319, 'Memoria USB 32GB', 35.00),
(320, 'Router TP-Link', 120.00),
(321, 'Parlantes JBL', 300.00),
(322, 'Auriculares Sony', 180.00),
(323, 'Silla Gamer Cougar', 950.00),
(324, 'Escritorio de Oficina', 600.00),
(325, 'Cámara Web Logitech', 200.00),
(326, 'Proyector Epson', 1900.00),
(327, 'Tablet Samsung Galaxy', 1300.00),
(328, 'Smartphone iPhone 13', 3800.00),
(329, 'Smartwatch Xiaomi', 450.00),
(330, 'Cargador Universal', 60.00),
(331, 'Cable HDMI', 25.00),
(332, 'TV LG 55\"', 3200.00),
(333, 'Refrigeradora LG', 2400.00),
(334, 'Cocina Indurama', 1500.00),
(335, 'Horno Microondas Samsung', 700.00),
(336, 'Lavadora Samsung', 2800.00),
(337, 'Ventilador Imaco', 150.00),
(338, 'Licuadora Oster', 280.00),
(339, 'Batidora Philips', 350.00),
(340, 'Plancha Electrolux', 200.00),
(341, 'Aspiradora LG', 1100.00),
(342, 'Cafetera Oster', 300.00),
(343, 'Consola PlayStation 5', 4000.00),
(344, 'Consola Xbox Series X', 3500.00),
(345, 'Nintendo Switch', 2200.00),
(346, 'Juego FIFA 25', 350.00),
(347, 'Juego Call of Duty', 400.00),
(348, 'Juego Mario Kart', 300.00),
(349, 'Auriculares HyperX', 280.00),
(350, 'Teclado Mecánico Razer', 600.00),
(351, 'Mouse Gamer Corsair', 250.00),
(352, 'Pad Mouse RGB', 90.00),
(353, 'Case Gamer Cooler Master', 850.00),
(354, 'Fuente de Poder EVGA 650W', 450.00),
(355, 'Tarjeta de Video RTX 4060', 2800.00),
(356, 'Procesador Intel i7', 1500.00),
(357, 'Procesador AMD Ryzen 7', 1400.00),
(358, 'Placa Madre ASUS', 1200.00),
(359, 'Memoria RAM 16GB', 450.00),
(360, 'SSD 512GB', 400.00),
(361, 'Disco Duro 2TB', 350.00),
(362, 'Smartphone Samsung S23', 4200.00),
(363, 'Smartphone Xiaomi 12', 2200.00),
(364, 'Smartphone Motorola G60', 1200.00),
(365, 'Tablet iPad Air', 3500.00),
(366, 'Kindle Paperwhite', 700.00),
(367, 'Smart TV Samsung 65\"', 4500.00),
(368, 'Smartwatch Samsung', 700.00),
(369, 'Smartwatch Apple Watch', 2200.00),
(370, 'Cámara Canon EOS', 3800.00),
(371, 'Cámara Nikon D5600', 3600.00),
(372, 'Lente Canon 50mm', 1200.00),
(373, 'Trípode Fotográfico', 300.00),
(374, 'Drone DJI Mini 3', 4800.00),
(375, 'GoPro Hero 11', 2200.00),
(376, 'Impresora 3D Creality', 2500.00),
(377, 'Scanner Epson', 1400.00),
(378, 'Router ASUS Gamer', 950.00),
(379, 'Parlantes Bose', 2000.00),
(380, 'Barra de Sonido LG', 1500.00),
(381, 'Subwoofer Pioneer', 1300.00),
(382, 'Micrófono Blue Yeti', 800.00),
(383, 'Micrófono Shure SM7B', 2500.00),
(384, 'Consola de Audio Behringer', 1800.00),
(385, 'Guitarra Eléctrica Fender', 3200.00),
(386, 'Bajo Yamaha', 2800.00),
(387, 'Batería Acústica Pearl', 6000.00),
(388, 'Teclado Musical Casio', 2000.00),
(389, 'Violín Stradivarius Replica', 4500.00),
(390, 'Saxofón Yamaha', 3800.00),
(391, 'Laptop HP 15\"', 2500.00),
(392, 'Mouse Logitech', 80.00),
(393, 'Teclado Redragon', 150.00),
(394, 'Monitor Samsung 24\"', 850.00),
(395, 'Impresora Epson L3150', 1100.00),
(396, 'Disco Duro Externo 1TB', 250.00),
(397, 'Memoria USB 32GB', 35.00),
(398, 'Router TP-Link', 120.00),
(399, 'Parlantes JBL', 300.00),
(400, 'Auriculares Sony', 180.00),
(401, 'Silla Gamer Cougar', 950.00),
(402, 'Escritorio de Oficina', 600.00),
(403, 'Cámara Web Logitech', 200.00),
(404, 'Proyector Epson', 1900.00),
(405, 'Tablet Samsung Galaxy', 1300.00),
(406, 'Smartphone iPhone 13', 3800.00),
(407, 'Smartwatch Xiaomi', 450.00),
(408, 'Cargador Universal', 60.00),
(409, 'Cable HDMI', 25.00),
(410, 'TV LG 55\"', 3200.00),
(411, 'Refrigeradora LG', 2400.00),
(412, 'Cocina Indurama', 1500.00),
(413, 'Horno Microondas Samsung', 700.00),
(414, 'Lavadora Samsung', 2800.00),
(415, 'Ventilador Imaco', 150.00),
(416, 'Licuadora Oster', 280.00),
(417, 'Batidora Philips', 350.00),
(418, 'Plancha Electrolux', 200.00),
(419, 'Aspiradora LG', 1100.00),
(420, 'Cafetera Oster', 300.00),
(421, 'Consola PlayStation 5', 4000.00),
(422, 'Consola Xbox Series X', 3500.00),
(423, 'Nintendo Switch', 2200.00),
(424, 'Juego FIFA 25', 350.00),
(425, 'Juego Call of Duty', 400.00),
(426, 'Juego Mario Kart', 300.00),
(427, 'Auriculares HyperX', 280.00),
(428, 'Teclado Mecánico Razer', 600.00),
(429, 'Mouse Gamer Corsair', 250.00),
(430, 'Pad Mouse RGB', 90.00),
(431, 'Case Gamer Cooler Master', 850.00),
(432, 'Fuente de Poder EVGA 650W', 450.00),
(433, 'Tarjeta de Video RTX 4060', 2800.00),
(434, 'Procesador Intel i7', 1500.00),
(435, 'Procesador AMD Ryzen 7', 1400.00),
(436, 'Placa Madre ASUS', 1200.00),
(437, 'Memoria RAM 16GB', 450.00),
(438, 'SSD 512GB', 400.00),
(439, 'Disco Duro 2TB', 350.00),
(440, 'Smartphone Samsung S23', 4200.00),
(441, 'Smartphone Xiaomi 12', 2200.00),
(442, 'Smartphone Motorola G60', 1200.00),
(443, 'Tablet iPad Air', 3500.00),
(444, 'Kindle Paperwhite', 700.00),
(445, 'Smart TV Samsung 65\"', 4500.00),
(446, 'Smartwatch Samsung', 700.00),
(447, 'Smartwatch Apple Watch', 2200.00),
(448, 'Cámara Canon EOS', 3800.00),
(449, 'Cámara Nikon D5600', 3600.00),
(450, 'Lente Canon 50mm', 1200.00),
(451, 'Trípode Fotográfico', 300.00),
(452, 'Drone DJI Mini 3', 4800.00),
(453, 'GoPro Hero 11', 2200.00),
(454, 'Impresora 3D Creality', 2500.00),
(455, 'Scanner Epson', 1400.00),
(456, 'Router ASUS Gamer', 950.00),
(457, 'Parlantes Bose', 2000.00),
(458, 'Barra de Sonido LG', 1500.00),
(459, 'Subwoofer Pioneer', 1300.00),
(460, 'Micrófono Blue Yeti', 800.00),
(461, 'Micrófono Shure SM7B', 2500.00),
(462, 'Consola de Audio Behringer', 1800.00),
(463, 'Guitarra Eléctrica Fender', 3200.00),
(464, 'Bajo Yamaha', 2800.00),
(465, 'Batería Acústica Pearl', 6000.00),
(466, 'Teclado Musical Casio', 2000.00),
(467, 'Violín Stradivarius Replica', 4500.00),
(468, 'Saxofón Yamaha', 3800.00),
(469, 'Laptop HP 15\"', 2500.00),
(470, 'Mouse Logitech', 80.00),
(471, 'Teclado Redragon', 150.00),
(472, 'Monitor Samsung 24\"', 850.00),
(473, 'Impresora Epson L3150', 1100.00),
(474, 'Disco Duro Externo 1TB', 250.00),
(475, 'Memoria USB 32GB', 35.00),
(476, 'Router TP-Link', 120.00),
(477, 'Parlantes JBL', 300.00),
(478, 'Auriculares Sony', 180.00),
(479, 'Silla Gamer Cougar', 950.00),
(480, 'Escritorio de Oficina', 600.00),
(481, 'Cámara Web Logitech', 200.00),
(482, 'Proyector Epson', 1900.00),
(483, 'Tablet Samsung Galaxy', 1300.00),
(484, 'Smartphone iPhone 13', 3800.00),
(485, 'Smartwatch Xiaomi', 450.00),
(486, 'Cargador Universal', 60.00),
(487, 'Cable HDMI', 25.00),
(488, 'TV LG 55\"', 3200.00),
(489, 'Refrigeradora LG', 2400.00),
(490, 'Cocina Indurama', 1500.00),
(491, 'Horno Microondas Samsung', 700.00),
(492, 'Lavadora Samsung', 2800.00),
(493, 'Ventilador Imaco', 150.00),
(494, 'Licuadora Oster', 280.00),
(495, 'Batidora Philips', 350.00),
(496, 'Plancha Electrolux', 200.00),
(497, 'Aspiradora LG', 1100.00),
(498, 'Cafetera Oster', 300.00),
(499, 'Consola PlayStation 5', 4000.00),
(500, 'Consola Xbox Series X', 3500.00),
(501, 'Nintendo Switch', 2200.00),
(502, 'Juego FIFA 25', 350.00),
(503, 'Juego Call of Duty', 400.00),
(504, 'Juego Mario Kart', 300.00),
(505, 'Auriculares HyperX', 280.00),
(506, 'Teclado Mecánico Razer', 600.00),
(507, 'Mouse Gamer Corsair', 250.00),
(508, 'Pad Mouse RGB', 90.00),
(509, 'Case Gamer Cooler Master', 850.00),
(510, 'Fuente de Poder EVGA 650W', 450.00),
(511, 'Tarjeta de Video RTX 4060', 2800.00),
(512, 'Procesador Intel i7', 1500.00),
(513, 'Procesador AMD Ryzen 7', 1400.00),
(514, 'Placa Madre ASUS', 1200.00),
(515, 'Memoria RAM 16GB', 450.00),
(516, 'SSD 512GB', 400.00),
(517, 'Disco Duro 2TB', 350.00),
(518, 'Smartphone Samsung S23', 4200.00),
(519, 'Smartphone Xiaomi 12', 2200.00),
(520, 'Smartphone Motorola G60', 1200.00),
(521, 'Tablet iPad Air', 3500.00),
(522, 'Kindle Paperwhite', 700.00),
(523, 'Smart TV Samsung 65\"', 4500.00),
(524, 'Smartwatch Samsung', 700.00),
(525, 'Smartwatch Apple Watch', 2200.00),
(526, 'Cámara Canon EOS', 3800.00),
(527, 'Cámara Nikon D5600', 3600.00),
(528, 'Lente Canon 50mm', 1200.00),
(529, 'Trípode Fotográfico', 300.00),
(530, 'Drone DJI Mini 3', 4800.00),
(531, 'GoPro Hero 11', 2200.00),
(532, 'Impresora 3D Creality', 2500.00),
(533, 'Scanner Epson', 1400.00),
(534, 'Router ASUS Gamer', 950.00),
(535, 'Parlantes Bose', 2000.00),
(536, 'Barra de Sonido LG', 1500.00),
(537, 'Subwoofer Pioneer', 1300.00),
(538, 'Micrófono Blue Yeti', 800.00),
(539, 'Micrófono Shure SM7B', 2500.00),
(540, 'Consola de Audio Behringer', 1800.00),
(541, 'Guitarra Eléctrica Fender', 3200.00),
(542, 'Bajo Yamaha', 2800.00),
(543, 'Batería Acústica Pearl', 6000.00),
(544, 'Teclado Musical Casio', 2000.00),
(545, 'Violín Stradivarius Replica', 4500.00),
(546, 'Saxofón Yamaha', 3800.00),
(547, 'Laptop HP 15\"', 2500.00),
(548, 'Mouse Logitech', 80.00),
(549, 'Teclado Redragon', 150.00),
(550, 'Monitor Samsung 24\"', 850.00),
(551, 'Impresora Epson L3150', 1100.00),
(552, 'Disco Duro Externo 1TB', 250.00),
(553, 'Memoria USB 32GB', 35.00),
(554, 'Router TP-Link', 120.00),
(555, 'Parlantes JBL', 300.00),
(556, 'Auriculares Sony', 180.00),
(557, 'Silla Gamer Cougar', 950.00),
(558, 'Escritorio de Oficina', 600.00),
(559, 'Cámara Web Logitech', 200.00),
(560, 'Proyector Epson', 1900.00),
(561, 'Tablet Samsung Galaxy', 1300.00),
(562, 'Smartphone iPhone 13', 3800.00),
(563, 'Smartwatch Xiaomi', 450.00),
(564, 'Cargador Universal', 60.00),
(565, 'Cable HDMI', 25.00),
(566, 'TV LG 55\"', 3200.00),
(567, 'Refrigeradora LG', 2400.00),
(568, 'Cocina Indurama', 1500.00),
(569, 'Horno Microondas Samsung', 700.00),
(570, 'Lavadora Samsung', 2800.00),
(571, 'Ventilador Imaco', 150.00),
(572, 'Licuadora Oster', 280.00),
(573, 'Batidora Philips', 350.00),
(574, 'Plancha Electrolux', 200.00),
(575, 'Aspiradora LG', 1100.00),
(576, 'Cafetera Oster', 300.00),
(577, 'Consola PlayStation 5', 4000.00),
(578, 'Consola Xbox Series X', 3500.00),
(579, 'Nintendo Switch', 2200.00),
(580, 'Juego FIFA 25', 350.00),
(581, 'Juego Call of Duty', 400.00),
(582, 'Juego Mario Kart', 300.00),
(583, 'Auriculares HyperX', 280.00),
(584, 'Teclado Mecánico Razer', 600.00),
(585, 'Mouse Gamer Corsair', 250.00),
(586, 'Pad Mouse RGB', 90.00),
(587, 'Case Gamer Cooler Master', 850.00),
(588, 'Fuente de Poder EVGA 650W', 450.00),
(589, 'Tarjeta de Video RTX 4060', 2800.00),
(590, 'Procesador Intel i7', 1500.00),
(591, 'Procesador AMD Ryzen 7', 1400.00),
(592, 'Placa Madre ASUS', 1200.00),
(593, 'Memoria RAM 16GB', 450.00),
(594, 'SSD 512GB', 400.00),
(595, 'Disco Duro 2TB', 350.00),
(596, 'Smartphone Samsung S23', 4200.00),
(597, 'Smartphone Xiaomi 12', 2200.00),
(598, 'Smartphone Motorola G60', 1200.00),
(599, 'Tablet iPad Air', 3500.00),
(600, 'Kindle Paperwhite', 700.00),
(601, 'Smart TV Samsung 65\"', 4500.00),
(602, 'Smartwatch Samsung', 700.00),
(603, 'Smartwatch Apple Watch', 2200.00),
(604, 'Cámara Canon EOS', 3800.00),
(605, 'Cámara Nikon D5600', 3600.00),
(606, 'Lente Canon 50mm', 1200.00),
(607, 'Trípode Fotográfico', 300.00),
(608, 'Drone DJI Mini 3', 4800.00),
(609, 'GoPro Hero 11', 2200.00),
(610, 'Impresora 3D Creality', 2500.00),
(611, 'Scanner Epson', 1400.00),
(612, 'Router ASUS Gamer', 950.00),
(613, 'Parlantes Bose', 2000.00),
(614, 'Barra de Sonido LG', 1500.00),
(615, 'Subwoofer Pioneer', 1300.00),
(616, 'Micrófono Blue Yeti', 800.00),
(617, 'Micrófono Shure SM7B', 2500.00),
(618, 'Consola de Audio Behringer', 1800.00),
(619, 'Guitarra Eléctrica Fender', 3200.00),
(620, 'Bajo Yamaha', 2800.00),
(621, 'Batería Acústica Pearl', 6000.00),
(622, 'Teclado Musical Casio', 2000.00),
(623, 'Violín Stradivarius Replica', 4500.00),
(624, 'Saxofón Yamaha', 3800.00),
(625, 'Laptop HP 15\"', 2500.00),
(626, 'Mouse Logitech', 80.00),
(627, 'Teclado Redragon', 150.00),
(628, 'Monitor Samsung 24\"', 850.00),
(629, 'Impresora Epson L3150', 1100.00),
(630, 'Disco Duro Externo 1TB', 250.00),
(631, 'Memoria USB 32GB', 35.00),
(632, 'Router TP-Link', 120.00),
(633, 'Parlantes JBL', 300.00),
(634, 'Auriculares Sony', 180.00),
(635, 'Silla Gamer Cougar', 950.00),
(636, 'Escritorio de Oficina', 600.00),
(637, 'Cámara Web Logitech', 200.00),
(638, 'Proyector Epson', 1900.00),
(639, 'Tablet Samsung Galaxy', 1300.00),
(640, 'Smartphone iPhone 13', 3800.00),
(641, 'Smartwatch Xiaomi', 450.00),
(642, 'Cargador Universal', 60.00),
(643, 'Cable HDMI', 25.00),
(644, 'TV LG 55\"', 3200.00),
(645, 'Refrigeradora LG', 2400.00),
(646, 'Cocina Indurama', 1500.00),
(647, 'Horno Microondas Samsung', 700.00),
(648, 'Lavadora Samsung', 2800.00),
(649, 'Ventilador Imaco', 150.00),
(650, 'Licuadora Oster', 280.00),
(651, 'Batidora Philips', 350.00),
(652, 'Plancha Electrolux', 200.00),
(653, 'Aspiradora LG', 1100.00),
(654, 'Cafetera Oster', 300.00),
(655, 'Consola PlayStation 5', 4000.00),
(656, 'Consola Xbox Series X', 3500.00),
(657, 'Nintendo Switch', 2200.00),
(658, 'Juego FIFA 25', 350.00),
(659, 'Juego Call of Duty', 400.00),
(660, 'Juego Mario Kart', 300.00),
(661, 'Auriculares HyperX', 280.00),
(662, 'Teclado Mecánico Razer', 600.00),
(663, 'Mouse Gamer Corsair', 250.00),
(664, 'Pad Mouse RGB', 90.00),
(665, 'Case Gamer Cooler Master', 850.00),
(666, 'Fuente de Poder EVGA 650W', 450.00),
(667, 'Tarjeta de Video RTX 4060', 2800.00),
(668, 'Procesador Intel i7', 1500.00),
(669, 'Procesador AMD Ryzen 7', 1400.00),
(670, 'Placa Madre ASUS', 1200.00),
(671, 'Memoria RAM 16GB', 450.00),
(672, 'SSD 512GB', 400.00),
(673, 'Disco Duro 2TB', 350.00),
(674, 'Smartphone Samsung S23', 4200.00),
(675, 'Smartphone Xiaomi 12', 2200.00),
(676, 'Smartphone Motorola G60', 1200.00),
(677, 'Tablet iPad Air', 3500.00),
(678, 'Kindle Paperwhite', 700.00),
(679, 'Smart TV Samsung 65\"', 4500.00),
(680, 'Smartwatch Samsung', 700.00),
(681, 'Smartwatch Apple Watch', 2200.00),
(682, 'Cámara Canon EOS', 3800.00),
(683, 'Cámara Nikon D5600', 3600.00),
(684, 'Lente Canon 50mm', 1200.00),
(685, 'Trípode Fotográfico', 300.00),
(686, 'Drone DJI Mini 3', 4800.00),
(687, 'GoPro Hero 11', 2200.00),
(688, 'Impresora 3D Creality', 2500.00),
(689, 'Scanner Epson', 1400.00),
(690, 'Router ASUS Gamer', 950.00),
(691, 'Parlantes Bose', 2000.00),
(692, 'Barra de Sonido LG', 1500.00),
(693, 'Subwoofer Pioneer', 1300.00),
(694, 'Micrófono Blue Yeti', 800.00),
(695, 'Micrófono Shure SM7B', 2500.00),
(696, 'Consola de Audio Behringer', 1800.00),
(697, 'Guitarra Eléctrica Fender', 3200.00),
(698, 'Bajo Yamaha', 2800.00),
(699, 'Batería Acústica Pearl', 6000.00),
(700, 'Teclado Musical Casio', 2000.00),
(701, 'Violín Stradivarius Replica', 4500.00),
(702, 'Saxofón Yamaha', 3800.00),
(703, 'Laptop Lenovo IdeaPad 3', 2500.00),
(704, 'Laptop HP Pavilion 15', 3200.00),
(705, 'Laptop Dell Inspiron 14', 2800.00),
(706, 'Laptop Acer Aspire 5', 2300.00),
(707, 'Laptop ASUS VivoBook', 3100.00),
(708, 'Smartphone Samsung Galaxy S22', 3800.00),
(709, 'Smartphone iPhone 13', 4500.00),
(710, 'Smartphone Xiaomi Redmi Note 11', 1200.00),
(711, 'Smartphone Motorola G100', 1800.00),
(712, 'Smartphone Realme 9 Pro', 1500.00),
(713, 'Tablet Samsung Galaxy Tab A7', 1100.00),
(714, 'Tablet iPad 9a Generación', 2200.00),
(715, 'Tablet Lenovo Tab M10', 900.00),
(716, 'Tablet Huawei MatePad T10', 950.00),
(717, 'Tablet Amazon Fire HD 10', 800.00),
(718, 'Monitor LG 24\"', 850.00),
(719, 'Monitor Samsung 27\"', 1200.00),
(720, 'Monitor Dell UltraSharp 25\"', 1800.00),
(721, 'Monitor HP 24f', 1000.00),
(722, 'Monitor ASUS TUF Gaming 27\"', 2100.00),
(723, 'Impresora Epson EcoTank L3150', 950.00),
(724, 'Impresora HP DeskJet Ink 2775', 600.00),
(725, 'Impresora Canon PIXMA G3110', 850.00),
(726, 'Impresora Brother HL-L2370', 1200.00),
(727, 'Impresora Samsung Xpress M2020', 700.00),
(728, 'Teclado Logitech K380', 150.00),
(729, 'Teclado Redragon Kumara K552', 200.00),
(730, 'Teclado HyperX Alloy FPS Pro', 250.00),
(731, 'Teclado Corsair K55 RGB', 300.00),
(732, 'Teclado Razer Cynosa V2', 350.00),
(733, 'Mouse Logitech M185', 90.00),
(734, 'Mouse Razer DeathAdder Essential', 180.00),
(735, 'Mouse HyperX Pulsefire Core', 160.00),
(736, 'Mouse Corsair Harpoon RGB', 150.00),
(737, 'Mouse SteelSeries Rival 3', 190.00),
(738, 'Audífonos Sony WH-1000XM4', 1200.00),
(739, 'Audífonos Bose QuietComfort 35 II', 1500.00),
(740, 'Audífonos HyperX Cloud II', 450.00),
(741, 'Audífonos Razer Kraken X', 350.00),
(742, 'Audífonos JBL Tune 510BT', 300.00),
(743, 'Parlante JBL Flip 5', 600.00),
(744, 'Parlante Sony SRS-XB33', 800.00),
(745, 'Parlante Bose SoundLink Mini', 1200.00),
(746, 'Parlante LG XBOOM Go', 700.00),
(747, 'Parlante Xiaomi Mi Portable', 400.00),
(748, 'Disco Duro Externo WD 1TB', 250.00),
(749, 'Disco Duro Externo Seagate 2TB', 400.00),
(750, 'Disco Duro Externo Toshiba 4TB', 650.00),
(751, 'Disco Duro Externo LaCie 5TB', 1200.00),
(752, 'Disco Duro Externo ADATA 1TB', 280.00),
(753, 'Memoria USB Kingston 32GB', 40.00),
(754, 'Memoria USB Sandisk 64GB', 60.00),
(755, 'Memoria USB HP 128GB', 120.00),
(756, 'Memoria USB Corsair 256GB', 250.00),
(757, 'Memoria USB Samsung BAR Plus 64GB', 90.00),
(758, 'Router TP-Link Archer C6', 200.00),
(759, 'Router ASUS RT-AC66U', 350.00),
(760, 'Router Netgear Nighthawk AX4', 600.00),
(761, 'Router Linksys EA7500', 500.00),
(762, 'Router Huawei AX3', 300.00),
(763, 'Cámara Canon EOS 250D', 2500.00),
(764, 'Cámara Nikon D5600', 2800.00),
(765, 'Cámara Sony Alpha a6400', 4200.00),
(766, 'Cámara Fujifilm X-T30', 3700.00),
(767, 'Cámara Panasonic Lumix G7', 3200.00),
(768, 'Televisor LG OLED 55\"', 4800.00),
(769, 'Televisor Samsung QLED 65\"', 5200.00),
(770, 'Televisor Sony Bravia 50\"', 4200.00),
(771, 'Televisor TCL 55\"', 2800.00),
(772, 'Televisor Hisense 65\"', 3500.00),
(773, 'Consola PlayStation 5', 3800.00),
(774, 'Consola Xbox Series X', 3500.00),
(775, 'Consola Nintendo Switch OLED', 2200.00),
(776, 'Consola PlayStation 4 Slim', 1800.00),
(777, 'Consola Xbox Series S', 2000.00),
(778, 'Silla Gamer DXRacer', 1200.00),
(779, 'Silla Gamer Cougar Armor', 1000.00),
(780, 'Silla Gamer Corsair T3 Rush', 1100.00),
(781, 'Silla Gamer Razer Iskur', 1500.00),
(782, 'Silla Gamer Secretlab Titan Evo', 1800.00);

--
-- Índices para tablas volcadas
--

--
-- Indices de la tabla `cliente`
--
ALTER TABLE `cliente`
  ADD PRIMARY KEY (`IDCliente`);

--
-- Indices de la tabla `detalles`
--
ALTER TABLE `detalles`
  ADD PRIMARY KEY (`IDDetalles`),
  ADD KEY `IDFactura` (`IDFactura`),
  ADD KEY `IDProductos` (`IDProductos`);

--
-- Indices de la tabla `factura`
--
ALTER TABLE `factura`
  ADD PRIMARY KEY (`IDFactura`),
  ADD KEY `IDCliente` (`IDCliente`);

--
-- Indices de la tabla `producto`
--
ALTER TABLE `producto`
  ADD PRIMARY KEY (`IDProductos`);

--
-- AUTO_INCREMENT de las tablas volcadas
--

--
-- AUTO_INCREMENT de la tabla `cliente`
--
ALTER TABLE `cliente`
  MODIFY `IDCliente` int(11) NOT NULL AUTO_INCREMENT, AUTO_INCREMENT=937;

--
-- AUTO_INCREMENT de la tabla `detalles`
--
ALTER TABLE `detalles`
  MODIFY `IDDetalles` int(11) NOT NULL AUTO_INCREMENT, AUTO_INCREMENT=81;

--
-- AUTO_INCREMENT de la tabla `factura`
--
ALTER TABLE `factura`
  MODIFY `IDFactura` int(11) NOT NULL AUTO_INCREMENT, AUTO_INCREMENT=801;

--
-- AUTO_INCREMENT de la tabla `producto`
--
ALTER TABLE `producto`
  MODIFY `IDProductos` int(11) NOT NULL AUTO_INCREMENT, AUTO_INCREMENT=783;

--
-- Restricciones para tablas volcadas
--

--
-- Filtros para la tabla `detalles`
--
ALTER TABLE `detalles`
  ADD CONSTRAINT `detalles_ibfk_1` FOREIGN KEY (`IDFactura`) REFERENCES `factura` (`IDFactura`) ON DELETE CASCADE ON UPDATE CASCADE,
  ADD CONSTRAINT `detalles_ibfk_2` FOREIGN KEY (`IDProductos`) REFERENCES `producto` (`IDProductos`) ON UPDATE CASCADE;

--
-- Filtros para la tabla `factura`
--
ALTER TABLE `factura`
  ADD CONSTRAINT `factura_ibfk_1` FOREIGN KEY (`IDCliente`) REFERENCES `cliente` (`IDCliente`) ON UPDATE CASCADE;
COMMIT;

/*!40101 SET CHARACTER_SET_CLIENT=@OLD_CHARACTER_SET_CLIENT */;
/*!40101 SET CHARACTER_SET_RESULTS=@OLD_CHARACTER_SET_RESULTS */;
/*!40101 SET COLLATION_CONNECTION=@OLD_COLLATION_CONNECTION */;
